brand,screen,CPU,RAM,memory,graphic card,weight,discount,warranty,fgold,installment,evaluation,answer,star,size,color,cpu_branch,cpu_type,cpu_speed,ram_track,screen_tech,screen_resolution,screen_plate,screen_scan,keyboard_type,keyboard_number,keyboard_lamp,os,price,width,length,height,graphic_brand
asus,14.0,Ryzen 7,16.0,512.0,NVIDIA GeForce RTX 3050 4GB,1.72,5000000.0,24.0,9.622,3387000.0,0.0,3.0,5.0,31.2 x 22.7 x 1.95 ~ 2.05 cm,Xám,AMD,7735HS,3.2,1,Anti - Glare,1920 x 1200 Pixels,IPS,144,Backlit Chiclet Keyboard,Không,LED,windows,37990000.0,312.0,227.0,19.5,NVIDIA
hp,16.1,Ryzen 7,8.0,512.0,NVIDIA GeForce RTX 3050 4GB,2.4,8300000.0,12.0,0.0,2125000.0,19.0,25.0,5.0,37 x 26 x 2.35 (W x D x H) cm,Đen,AMD,6800H,3.2,2,FHD,1920 x 1080 Pixels,IPS,144,English International Backlit Keyboard,Có,LED,windows,20990000.0,370.0,260.0,23.5,NVIDIA
lenovo,15.6,Ryzen 7,16.0,512.0,NVIDIA GeForce RTX 3060 6GB,2.49,12500000.0,36.0,8.497,3588000.0,13.0,27.0,5.0,359.9 x 262.4 x 19.9 mm,Trắng,AMD,6800H,3.2,2,"IPS LCD LED Backlit, True Tone",2560 x 1600 Pixels,IPS,165,"6-row, multimedia Fn keys, numeric keypad",Có,LED,windows,33990000.0,359.9,262.4,19.9,NVIDIA
asus,16.0,Ryzen 7,16.0,512.0,NVIDIA GeForce RTX 3050 6GB,1.88,2500000.0,24.0,0.0,1498000.0,0.0,0.0,5.0,35.87 x 24.95 x 1.99 cm,Bạc,AMD,7730U,2.0,1,LED Backlit,1920 x 1200 Pixels,IPS,60,Chiclet Keyboard,Có,Không,windows,15990000.0,358.7,249.5,19.9,NVIDIA
lenovo,14.0,Ryzen 7,16.0,512.0,AMD Radeon Graphics,1.17,3000000.0,36.0,4.497,1578000.0,14.0,44.0,4.0,324.1 x 215.7 x 17.1 mm,Xám,AMD,7730U,2.0,0,Anti-Glare LED-Backlit Display,1920 x 1080 Pixels,IPS,60,"6-row, multimedia Fn keys",Có,LED,windows,16990000.0,324.1,215.7,17.1,AMD
lenovo,14.0,Ryzen 7,8.0,512.0,AMD Radeon Graphics,1.17,0.0,36.0,4.497,2687000.0,0.0,0.0,5.0,324.1 x 215.7 x 17.1 mm,Xám,AMD,7730U,2.0,0,IPS,1920 x 1080 Pixels,IPS,60,"6-row, multimedia Fn keys, numeric keypad",Có,LED,windows,19990000.0,324.1,215.7,17.1,AMD
msi,14.0,Ryzen 7,8.0,512.0,AMD Radeon Graphics,1.4,1500000.0,24.0,3.372,1176000.0,18.0,11.0,5.0,319.9 x 223 x 19.35 mm,Đen,AMD,7730U,2.0,0,FHD,1920 x 1080 Pixels,IPS,60,"6-row, multimedia Fn keys, numeric keypad",Có,LED,windows,12990000.0,319.9,223.0,19.35,AMD
msi,15.6,Ryzen 7,8.0,512.0,AMD Radeon Graphics,1.4,2000000.0,24.0,2.9,1168000.0,30.0,44.0,4.0,359 * 241 * 19.9 mm,Đen,AMD,7730U,2.0,0,FHD,1920 x 1080 Pixels,IPS,60,"6-row, multimedia Fn keys, numeric keypad",Có,LED,windows,12990000.0,359.0,241.0,19.9,AMD
msi,15.6,Ryzen 7,16.0,512.0,AMD Radeon Graphics,1.4,1700000.0,24.0,3.872,1377000.0,0.0,3.0,5.0,359 x 241 x 19.9 mm,Đen,AMD,7730U,2.0,0,FHD,1920 x 1080 Pixels,IPS,60,"6-row, multimedia Fn keys, numeric keypad",Có,LED,windows,15290000.0,359.0,241.0,19.9,AMD
asus,15.6,Ryzen 7,8.0,512.0,NVIDIA GeForce RTX 4050 6GB GDDR6,2.2,4500000.0,24.0,6.372,2302000.0,0.0,0.0,0.0,35.4 x 25.1 x 2.24 ~ 2.49 cm,Xám,AMD,7735HS,3.2,2,IPS FHD,1920 x 1080 Pixels,IPS,144,Backlit Chiclet Keyboard,Có,LED,windows,24990000.0,354.0,251.0,22.4,NVIDIA
asus,15.6,Ryzen 7,8.0,512.0,NVIDIA GeForce RTX 4060 8GB GDDR6,2.2,6000000.0,24.0,7.097,2693000.0,16.0,36.0,5.0,35.4 x 25.1 x 2.24 ~ 2.49 cm,Xám,AMD,7735HS,3.2,2,FHD,1920 x 1080 Pixels,IPS,144,Backlit Chiclet Keyboard,Có,LED,windows,27990000.0,354.0,251.0,22.4,NVIDIA
asus,15.6,Ryzen 7,16.0,512.0,NVIDIA GeForce RTX 4050 6GB GDDR6,2.2,3500000.0,24.0,0.0,2453000.0,0.0,0.0,0.0,35.4 x 25.1 x 2.24 ~ 2.49 cm,Xám,AMD,7735HS,4.7,2,FHD,FHD (1920 x 1080),IPS,144,Backlit Chiclet Keyboard,Có,LED,windows,26990000.0,354.0,251.0,22.4,NVIDIA
hp,13.3,Ryzen 7,16.0,512.0,AMD Radeon Graphics,1.0,2200000.0,12.0,4.947,1739000.0,21.0,24.0,5.0,29.76 x 20.9 x 1.69 cm,Bạc,AMD,7735U,2.7,0,LCD,1920 x 1200 Pixels,IPS,144,English International Backlit Keyboard,Không,LED,windows,19790000.0,297.6,209.0,16.9,AMD
lenovo,16.0,Ryzen 7,16.0,512.0,NVIDIA GeForce RTX 4060 8GB GDDR6,2.4,1900000.0,36.0,0.0,3133000.0,0.0,0.0,5.0,359.7 x 260.3 x 19.9-25.2 mm,Xám,AMD,7840HS,3.8,2,Anti - Glare,2560 x 1600 Pixels,IPS,165,English International Backlit Keyboard,Có,Không,windows,37090000.0,359.7,260.3,19.9,NVIDIA
acer,16.0,Ryzen 7,16.0,1024.0,AMD Radeon Graphics,1.1,3000000.0,12.0,9.997,3133000.0,13.0,14.0,5.0,356.7 (W) x 242.3 (D) x 12.95/13.95 (H) mm,Xanh,AMD,6800H,2.7,0,Acer CineCrystalTM LED-backlit TFT LCD Chính:,3840 x 2400 Pixels Màn hình chính:,OLED,60,Bàn phím cứng,Có (NumberPad),LED,windows,36990000.0,356.7,242.3,12.95,AMD
lenovo,14.0,Ryzen 7,8.0,512.0,AMD Radeon Graphics,1.45,7000000.0,24.0,4.997,2101000.0,230.0,197.0,5.0,15.69 x 320.34 x 214.6 mm,Xám,AMD,5800U,1.9,0,IPS LCD,1920 x 1080 Pixels,IPS Glossy,144,Backlit Chiclet Keyboard,Không,LED,windows,18990000.0,320.34,214.6,15.69,AMD
acer,15.6,Ryzen 7,8.0,512.0,NVIDIA GeForce RTX 3060 6GB,2.2,10000000.0,12.0,0.0,2133000.0,0.0,0.0,0.0,363.4 x 255 x 23.9 mm,Đen,AMD,5800H,3.2,2,Acer ComfyView LED-backlit,1920 x 1080 Pixels,IPS,144,Backlit Chiclet Keyboard,Có,LED,windows,22490000.0,363.4,255.0,23.9,NVIDIA
lenovo,14.0,Ryzen 7,16.0,2048.0,Intel UHD Graphics,1.34,0.0,36.0,7.497,4025000.0,0.0,0.0,5.0,317.7 x 226.9 x 17.9 mm,Đen,AMD,Đang cập nhật,2.7,0,Led,1920 x 1200 Pixels,IPS,60,English International Backlit Keyboard,Không,LED,windows,29990000.0,317.7,226.9,17.9,Intel
huawei,15.6,Ryzen 7,8.0,512.0,AMD Radeon Graphics,1.53,1200000.0,12.0,3.247,1136000.0,17.0,24.0,4.0,357.8 × 16.9× 229.9 mm,Bạc,AMD,5700U,1.8,0,IPS Truelife LED-Backlit Narrow,"1920 x 1080 Pixelss, 60Hz, Anti-Glare with 45% NTSC",IPS,60,English International Backlit Keyboard,Không,Không,windows,12790000.0,357.8,229.9,16.9,AMD
asus,15.6,Ryzen 7,8.0,512.0,AMD Radeon Graphics,1.8,4000000.0,24.0,3.497,1337000.0,94.0,61.0,4.0,35.98 x 23.53 x 1.86 ~ 1.86 cm,Bạc,AMD,5700U,23.0,0,Anti-Glare LED-Backlit Display,FHD (1920 x 1080),TN,60,Chiclet Keyboard,Có,Không,windows,13490000.0,359.79999999999995,235.3,18.6,AMD
asus,14.0,Ryzen 5,16.0,512.0,AMD Radeon Graphics,1.3,2000000.0,24.0,3.247,1217000.0,74.0,128.0,4.0,32.45 x 21.39 x 1.79 cm,Đen,AMD,7520U,2.8,0,LED-backlit,1920 x 1080 Pixels,IPS,60,Chiclet Keyboard,Không,Không,windows,12990000.0,324.5,213.9,17.9,AMD
hp,14.0,Ryzen 5,8.0,512.0,AMD Radeon Graphics,1.4,1400000.0,12.0,3.422,1152000.0,28.0,48.0,5.0,32.37 x 21.5 x 1.79 cm,Bạc,AMD,7520U,2.8,0,FHD,1920 x 1080 Pixels,SVA,60,Chiclet Keyboard,Không,Không,windows,12790000.0,323.7,215.0,17.9,AMD
lenovo,15.6,Ryzen 5,8.0,512.0,AMD Radeon Graphics,1.58,3500000.0,24.0,2.622,967000000.0,0.0,0.0,0.0,360.2 x 236 x 17.9 mm,Xám,AMD,7520U,2.8,0,FHD,1920 x 1080 Pixels,TN,60,English International Non-backlit Keyboard,Có,Không,windows,9990000.0,360.2,236.0,17.9,AMD
hp,14.0,Ryzen 5,16.0,512.0,AMD Radeon Graphics,1.4,1200000.0,12.0,3.257,1233000.0,36.0,62.0,5.0,32.37 x 21.5 x 1.79 cm,Bạc,AMD,7520U,2.8,0,FHD,1920 x 1080 Pixels,SVA,60,Chiclet Keyboard,Không,Không,windows,13990000.0,323.7,215.0,17.9,AMD
acer,14.0,Ryzen 5,16.0,512.0,AMD Radeon Graphics,1.2,500000.0,12.0,4.497,1498000.0,0.0,0.0,5.0,321.71 x 211.72 x 15.9 mm,Bạc,AMD,7530U,2.0,0,Acer CineCrystalTM LED-backlit TFT LCD,FHD (1920 x 1080),IPS,60,Backlit Chiclet Keyboard,Không,LED,windows,17990000.0,321.71,211.72,15.9,AMD
asus,14.0,Ryzen 5,16.0,512.0,Intel UHD Graphics,1.5,2300000.0,24.0,4.147,1498000.0,20.0,47.0,5.0,31.32 x 22.76 x 1.89 cm,Bạc,AMD,7530U,2.0,0,LED Backlit,1920 x 1200 Pixels,IPS,60,Backlit Chiclet Keyboard,Không,LED,windows,16690000.0,313.2,227.6,18.9,Intel
lenovo,15.6,Ryzen 5,8.0,512.0,AMD Radeon Graphics,1.85,5000000.0,36.0,3.242,1257000.0,56.0,114.0,5.0,356.67 x 233.13 x 16.9 mm,Xám,AMD,5625U,2.3,0,"IPS LCD LED Backlit, True Tone",1920 x 1080 Pixels,IPS,60,"6-row, multimedia Fn keys, numeric keypad",Có,LED,windows,12490000.0,356.67,233.13,16.9,AMD
hp,14.0,Ryzen 5,8.0,256.0,AMD Radeon Graphics,1.36,1900000.0,12.0,3.322,1040000.0,16.0,23.0,4.0,32.4 x 21.5 x 1.79 cm,Bạc,AMD,7520U,4.3,0,LCD,1920 x 1080 Pixels,IPS,60,English International Backlit Keyboard,Không,Không,windows,11390000.0,324.0,215.0,17.9,AMD
asus,15.6,Ryzen 5,16.0,512.0,Intel Iris Xe Graphics,1.7,2300000.0,24.0,4.147,1498000.0,15.0,22.0,5.0,35.97 x 23.25 x 1.79 cm,Đen,AMD,7530U,4.3,1,OLED Màn hình chính:,1920 x 1080 Pixels Màn hình chính:,OLED,60,Chiclet Keyboard,Có (NumberPad),Không,windows,16690000.0,359.7,232.5,17.9,Intel
acer,14.0,Ryzen 5,8.0,512.0,AMD Radeon 610 2GB,1.4,1700000.0,12.0,3.322,1080000.0,14.0,15.0,5.0,328.3 (W) x 217.15 (D) x 18.0 (H) mm,Đen,AMD,7520U,2.8,0,Acer ComfyView LED-backlit,1920 x 1080 Pixels,IPS,60,"6-row, multimedia Fn keys",Có,Không,windows,11590000.0,328.3,217.15,18.0,AMD
msi,14.0,Ryzen 5,8.0,512.0,AMD Radeon Graphics,1.4,1000000.0,24.0,2.747,1618000.0,0.0,22.0,0.0,319.9 x 223 x 19.35 mm,Đen,AMD,7530U,2.0,0,FHD,1920 x 1080 Pixels,IPS,60,"6-row, multimedia Fn keys, numeric keypad",Có,LED,windows,10990000.0,319.9,223.0,19.35,AMD
lenovo,14.0,Ryzen 5,16.0,512.0,AMD Radeon Graphics,1.4,0.0,24.0,5.372,0.0,0.0,2.0,5.0,"312 x 216 x 14,7 mm",Xám,AMD,6600H,3.3,1,IPS,1080 x 2240 Pixels,IPS,60,Backlit Chiclet Keyboard,Không,Không,windows,26890000.0,312.0,216.0,14.7,AMD
lenovo,15.6,Ryzen 5,16.0,512.0,NVIDIA GeForce RTX 3050 4GB,2.32,1000000.0,24.0,4.747,1619000.0,0.0,25.0,5.0,359.6 x 266.4 x 21.8 mm,Xám,AMD,6600H,3.3,2,"IPS LCD LED Backlit, True Tone",1920 x 1080 Pixels,IPS,120,"6-row, multimedia Fn keys, numeric keypad",Có,LED,windows,18990000.0,359.6,266.4,21.8,NVIDIA
lenovo,15.6,Ryzen 5,16.0,512.0,NVIDIA GeForce RTX 3050 Ti 4GB,2.4,5000000.0,36.0,6.997,2653000.0,13.0,41.0,5.0,358.8 x 262.35 x 19.99 mm,Xám,AMD,6600H,3.3,1,Anti-glare WLED-backlit,1920 x 1080 Pixels,IPS,165,Backlit Chiclet Keyboard,Có,LED,windows,27990000.0,358.8,262.35,19.99,NVIDIA
hp,16.1,Ryzen 5,8.0,512.0,NVIDIA GeForce RTX 3050 4GB,2.4,7500000.0,12.0,4.747,1900000.0,33.0,115.0,4.0,37 x 26 x 2.35 cm,Đen,AMD,6600H,3.3,2,IPS,1920 x 1080 Pixels,IPS,144,Chiclet Keyboard,Có,LED,windows,17990000.0,370.0,260.0,23.5,NVIDIA
msi,14.0,Ryzen 5,8.0,512.0,AMD Radeon Graphics,1.4,2500000.0,24.0,2.725,959000000.0,32.0,74.0,5.0,319.9 * 223 * 19.35 mm,Đen,AMD,5625U,23.0,0,FHD,1920 x 1080 Pixels,IPS,60,"6-row, multimedia Fn keys",Không,LED,windows,10490000.0,319.9,223.0,19.35,AMD
lenovo,15.6,Ryzen 5,16.0,512.0,Intel Iris Xe Graphics,1.7,700000.0,24.0,4.672,1514000.0,0.0,0.0,5.0,357 x 235 x 18.9 mm,Xám Nhạt,AMD,7530U,2.0,1,Anti - Glare,1920 x 1080 Pixels,IPS,60,English International Backlit Keyboard,Có,LED,windows,17990000.0,357.0,235.0,18.9,Intel
acer,15.6,Ryzen 5,8.0,512.0,NVIDIA GeForce RTX 3050 4GB,2.1,5500000.0,12.0,4.372,1699000.0,15.0,29.0,5.0,36.34 x 25.45 x 2.29 cm (W x D x H) cm,Đen,AMD,5625U,2.3,2,Acer ComfyView LED-backlit,1920 x 1080 Pixels,IPS,144,"6-row, multimedia Fn keys",Có,LED,windows,16490000.0,363.4,254.5,22.9,NVIDIA
msi,15.6,Ryzen 5,16.0,512.0,AMD Radeon Graphics,1.4,1400000.0,24.0,3.372,1217000.0,0.0,0.0,0.0,359 x 241 x 19.9 mm,Đen,AMD,7530U,2.0,0,FHD,1920 x 1080 Pixels,IPS,60,"6-row, multimedia Fn keys, numeric keypad",Có,LED,windows,13590000.0,359.0,241.0,19.9,AMD
msi,15.6,Ryzen 5,8.0,512.0,AMD Radeon RX 6600M 8GB,2.35,9000000.0,12.0,4.497,1683000.0,16.0,89.0,5.0,359 x 259 x 23.95 mm,Đen,AMD,5600H,3.3,2,IPS FHD,1920 x 1080 Pixels,IPS,144,"6-row, multimedia Fn keys",Có,LED,windows,17990000.0,359.0,259.0,23.95,AMD
asus,15.6,Ryzen 5,8.0,512.0,NVIDIA GeForce RTX 3050 4GB,2.3,5000000.0,24.0,4.497,1699000.0,82.0,132.0,5.0,35.9 x 25.6 x 2.28 cm,Đen,AMD,4600H,3.0,2,FHD,1920 x 1080 Pixels,IPS,144,Chiclet Keyboard,Có,LED,windows,16990000.0,359.0,256.0,22.8,NVIDIA
acer,14.0,Ryzen 5,16.0,512.0,AMD Radeon Graphics,1.19,6000000.0,12.0,3.872,1377000.0,141.0,436.0,5.0,322.8 x 212.2 x 15.9 mm,Bạc,AMD,5500U,2.1,0,Acer ComfyView LED-backlit,1920 x 1080 Pixels,IPS,60,"6-row, multimedia Fn keys, numeric keypad",Không,LED,windows,14990000.0,322.8,212.2,15.9,AMD
lenovo,15.6,Ryzen 5,16.0,512.0,AMD Radeon Graphics,1.58,1700000.0,24.0,3.247,1056000.0,0.0,21.0,5.0,360.2 x 236 x 17.9 mm,Xám,AMD,5500U,2.1,0,FHD,1920 x 1080 Pixels,TN,60,English International Non-backlit Keyboard,Có,Không,windows,11290000.0,360.2,236.0,17.9,AMD
asus,14.0,Ryzen 5,8.0,512.0,AMD Radeon Graphics,1.4,2000000.0,24.0,4.472,1619000.0,16.0,20.0,5.0,31.12 x 22.11 x 1.59 ~ 1.59 cm,Đen,AMD,5600H,3.3,0,OLED,2880 x 1800 Pixels,IPS,90,Backlit Chiclet Keyboard,Không,LED,windows,17990000.0,311.2,221.1,15.9,AMD
asus,14.0,Ryzen 5,8.0,512.0,AMD Radeon Graphics,1.4,2000000.0,24.0,4.472,1619000.0,139.0,165.0,5.0,330 x 221.7 x 15.9 mm,Đen,AMD,5600H,3.3,0,OLED,2880 x 1800 Pixels,OLED,90,Backlit Chiclet Keyboard,Có,LED,windows,17990000.0,330.0,221.7,15.9,AMD
asus,15.6,Ryzen 5,8.0,512.0,AMD Radeon Graphics,1.7,1500000.0,24.0,3.627,1297000.0,113.0,170.0,5.0,356.8 x 227.6 x 19.9 cm,Bạc,AMD,5600H,3.3,0,OLED,1920 x 1080 Pixels,IPS,60,Chiclet Keyboard,Có,Không,windows,14490000.0,356.8,227.6,19.9,AMD
asus,14.0,Ryzen 5,8.0,512.0,AMD Radeon Graphics,1.6,1500000.0,24.0,3.385,1217000.0,1259.0,242.0,5.0,31.71 x 22.20 x 1.99 ~ 1.99 cm,Bạc,AMD,5600H,3.3,1,LED Backlit,1920 x 1200 Pixels,IPS,60,Chiclet Keyboard,Không,Không,windows,13490000.0,317.1,222.0,19.9,AMD
gigabyte,15.6,Ryzen 5,8.0,512.0,NVIDIA GeForce RTX 3060 6GB,2.12,1500000.0,24.0,4.747,1619000.0,72.0,37.0,5.0,361 x 258 x 25.3 mm,Đen,AMD,5600H,3.3,2,Anti - Glare,1920 x 1080 Pixels,IPS,144,English International Backlit Keyboard,Có,LED,windows,18490000.0,361.0,258.0,25.3,NVIDIA
hp,16.0,Ryzen 5,16.0,512.0,NVIDIA GeForce RTX 3050 6GB,2.31,1500000.0,12.0,6.847,2214000.0,13.0,16.0,5.0,36.9 x 25.94 x 2.29 cm,Đen,AMD,7640HS,4.3,2,Anti-glare LED UWVA,1920 x 1080 Pixels,WVA,60,Chiclet Keyboard,Có,Không,windows,25890000.0,369.0,259.40000000000003,22.9,NVIDIA
lenovo,15.6,Ryzen 5,8.0,512.0,NVIDIA GeForce RTX 4050 6GB GDDR6,2.32,4000000.0,24.0,5.747,2101000.0,15.0,48.0,4.0,359.6 x 266.4 x 21.8 mm,Xám,AMD,7535HS,3.3,1,Anti - Glare,1920 x 1080 Pixels,IPS,120,English International Backlit Keyboard,Có,LED,windows,21990000.0,359.6,266.4,21.8,NVIDIA
asus,15.6,Ryzen 5,8.0,512.0,NVIDIA GeForce RTX 4050 6GB GDDR6,2.2,0.0,24.0,7.122,2302000.0,0.0,0.0,5.0,35.97 x 23.25 x 1.79 ~ 1.79 cm,Xám,AMD,7535HS,4.5,2,FHD,FHD (1920 x 1080),IPS,144,Backlit Chiclet Keyboard,Có,LED,windows,28490000.0,359.7,232.5,17.9,NVIDIA
msi,15.6,Ryzen 5,8.0,512.0,AMD Radeon Graphics,1.4,900000.0,24.0,2.872,1016000.0,30.0,59.0,5.0,359 x 241 x 19.9 mm,Đen,AMD,7530U,2.0,0,FHD,1920 x 1080 Pixels,IPS,60,"6-row, multimedia Fn keys, numeric keypad",Có,LED,windows,11590000.0,359.0,241.0,19.9,AMD
lenovo,14.0,Ryzen 5,8.0,512.0,AMD Radeon Graphics,1.45,7000000.0,24.0,4.997,2101000.0,282.0,229.0,5.0,15.69 x 320 x 214 mm,Xám,AMD,5600U,2.3,0,IPS LCD,1920 x 1080 Pixels,IPS,60,"6-row, multimedia Fn keys, numeric keypad",Không,LED,windows,18990000.0,320.0,214.0,15.69,AMD
acer,15.6,Ryzen 5,16.0,512.0,NVIDIA GeForce RTX 3050 4GB,2.1,2000000.0,12.0,4.497,1538000.0,15.0,56.0,5.0,36.34 x 25.45 x 2.29  (W x D x H) cm,Đen,AMD,5625U,2.3,2,Acer ComfyView LED-backlit,1920 x 1080 Pixels,IPS,144,"6-row, multimedia Fn keys",Có,LED,windows,17490000.0,363.4,254.5,22.9,NVIDIA
lenovo,15.6,Ryzen 5,8.0,512.0,AMD Radeon Graphics,1.78,0.0,24.0,4.247,0.0,0.0,5.0,5.0,365 x 240 x 18.9 mm,Đen,AMD,5625U,2.3,1,FHD,1920 x 1080 Pixels,IPS,60,English International Backlit Keyboard,Có (NumberPad),LED,windows,21290000.0,365.0,240.0,18.9,AMD
hp,14.0,Ryzen 5,8.0,256.0,AMD Radeon Graphics,1.47,2600000.0,12.0,2.6,1064000.0,81.0,55.0,5.0,32.4 x 22.59 x 1.99 cm,Bạc,AMD,5625U,2.3,2,LCD,1920 x 1080 Pixels,IPS,60,Chiclet Keyboard,Không,Không,windows,10490000.0,324.0,225.9,19.9,AMD
msi,15.0,Ryzen 5,8.0,512.0,AMD Radeon Graphics,1.4,2500000.0,24.0,2.847,1000000.0,0.0,43.0,0.0,359 x 241 x 19.9 mm,Đen,AMD,5625U,2.3,0,FHD,1920 x 1080 Pixels,IPS,60,"6-row, multimedia Fn keys",Có,LED,windows,10990000.0,359.0,241.0,19.9,AMD
hp,14.0,Ryzen 3,8.0,256.0,AMD Radeon Graphics,1.4,2300000.0,12.0,2.16,1471000.0,32.0,51.0,4.0,32.37 x 21.5 x 1.79 cm,Bạc,AMD,7320U,2.4,1,Anti-Glare,1920 x 1080 Pixels,SVA,60,Chiclet Keyboard,Không,Không,windows,9390000.0,323.7,215.0,17.9,AMD
asus,15.6,Ryzen 3,8.0,256.0,Intel UHD Graphics,1.8,2500000.0,24.0,2.212,1484000.0,20.0,54.0,5.0,36.03 x 23.25 x 1.79 cm,Bạc,AMD,7320U,2.4,2,Anti -glare LED-Backlit Display,1920 x 1080 Pixels,IPS,60,Chiclet Keyboard,Không,Không,windows,8990000.0,360.3,232.5,17.9,Intel
macbook,14.2,M3 Pro,18.0,1024.0,Apple M3 Pro,1.61,0.0,12.0,0.0,8039000.0,0.0,0.0,5.0,"1,55 x 31,26 x 22,12 cm",Đen,Apple,12-Core,2.3,0,Liquid Retina XDR,3024 x 1964 Pixels,IPS,120,English International Backlit Keyboard,Không,Trắng,macos,59990000.0,312.6,221.2,15.5,Apple
macbook,16.2,M3 Pro,36.0,512.0,Apple M3 Pro,2.14,0.0,12.0,18.747,10047000.0,0.0,0.0,5.0,"1,68 x 35,57 x 24,81 cm",Đen,Apple,12-Core,2.3,0,Liquid Retina XDR,3456 x 2234 Pixels,IPS,120,English International Backlit Keyboard,Không,Trắng,macos,74990000.0,355.7,248.1,16.8,Apple
macbook,16.2,M3 Pro,18.0,512.0,Apple M3 Pro,2.14,0.0,12.0,0.0,8708000.0,0.0,0.0,0.0,"1,68 x 35,57 x 24,81 cm",Đen,Apple,12-Core,2.3,0,Liquid Retina XDR,3456 x 2234 Pixels,IPS,120,English International Backlit Keyboard,Không,Trắng,macos,64990000.0,355.7,248.1,16.8,Apple
macbook,14.2,M3 Pro,18.0,512.0,Apple M3 Pro,1.61,0.0,12.0,0.0,6701000.0,0.0,0.0,5.0,"1,55 x 31,26 x 22,12 cm",Đen,Apple,11-core,2.3,0,Liquid Retina XDR,3024 x 1964 Pixels,IPS,120,English International Backlit Keyboard,Không,Trắng,macos,49990000.0,312.6,221.2,15.5,Apple
macbook,16.2,M3 Max,48.0,1024.0,Apple M3 Max,2.16,0.0,12.0,0.0,7320000.0,0.0,0.0,5.0,"1,68 x 35,57 x 24,81 cm",Đen,Apple,16-core,2.3,0,Liquid Retina XDR,3456 x 2234 Pixels,IPS,120,English International Backlit Keyboard,Không,Trắng,macos,102490000.0,355.7,248.1,16.8,Apple
macbook,14.2,M3 Max,36.0,1024.0,Apple M3 Max,1.62,0.0,12.0,0.0,10716000.0,0.0,0.0,5.0,"1,55 x 31,26 x 22,12 cm",Đen,Apple,14-core,2.3,0,Liquid Retina XDR,3024 x 1964 Pixels,IPS,120,English International Backlit Keyboard,Không,Trắng,macos,79990000.0,312.6,221.2,15.5,Apple
macbook,16.2,M3 Max,36.0,1024.0,Apple M3 Max,2.16,0.0,12.0,0.0,10334000.0,0.0,0.0,5.0,"1,68 x 35,57 x 24,81 cm",Đen,Apple,14-core,2.3,0,Liquid Retina XDR,3456 x 2234 Pixels,IPS,120,English International Backlit Keyboard,Không,Trắng,macos,89990000.0,355.7,248.1,16.8,Apple
macbook,14.2,M3,8.0,512.0,Apple M3,1.55,0.0,12.0,0.0,5363000.0,0.0,1.0,5.0,"1,55 x 31,26 x 22,12 cm",Xám,Apple,8 - Core,2.3,0,Liquid Retina XDR,3024 x 1964 Pixels,IPS,120,English International Backlit Keyboard,Không,Trắng,macos,39990000.0,312.6,221.2,15.5,Apple
macbook,16.2,M2 Pro,16.0,1024.0,Apple M2 Pro,2.15,6000000.0,12.0,17.485,9524000.0,2.0,38.0,5.0,35.57 x 24.81 x 1.68 cm,Xám,Apple,12-Core,2.3,0,Retina,3456 x 2234 Pixels,OLED,120,English International Backlit Keyboard,Không,LED,macos,64990000.0,355.7,248.1,16.8,Apple
macbook,16.2,M2 Pro,32.0,512.0,Apple M2 Pro,2.15,0.0,12.0,0.0,10328000.0,0.0,0.0,0.0,35.57 x 24.81 x 1.68 cm,Xám,Apple,12-Core,2.3,0,Retina,3456 x 2234 Pixels,OLED,120,English International Backlit Keyboard,Không,LED,macos,76990000.0,355.7,248.1,16.8,Apple
macbook,14.2,M2 Max,32.0,1024.0,Apple M2 Max,1.63,6300000.0,12.0,18.735,10983000.0,44.0,0.0,5.0,31.26 x 22.12 x 1.55 cm,Xám,Apple,12-Core,2.3,0,Retina,3024 x 1964 Pixels,OLED,120,English International Backlit Keyboard,Không,LED,macos,75690000.0,312.6,221.2,15.5,Apple
macbook,16.2,M2 Max,32.0,1024.0,Apple M2 Max,2.16,7300000.0,12.0,21.235,10678000.0,18.0,17.0,5.0,35.57 x 24.81 x 1.68 cm,Xám,Apple,12-Core,2.3,0,Retina,3456 x 2234 Pixels,OLED,120,English International Backlit Keyboard,Không,LED,macos,85690000.0,355.7,248.1,16.8,Apple
macbook,13.3,M2,16.0,512.0,Apple M2,1.4,3000000.0,12.0,9.585,6166000.0,113.0,189.0,5.0,304.1 x 212.4 x 15.6 mm,Xám,Apple,8 - Core,2.4,0,Retina,2560 x 1600 Pixels,IPS,165,English International Backlit Keyboard,Không,LED,macos,39990000.0,304.1,212.4,15.6,Apple
macbook,15.3,M2,8.0,512.0,Apple M2,1.51,0.0,12.0,0.0,3045000.0,0.0,0.0,5.0,23.76 x 34.04 x 1.15 cm,Xanh dương,Apple,8 - Core,2.4,0,Liquid Retina,2960 x 1848 Pixels,OLED,60,English International Backlit Keyboard,Không,LED,macos,37890000.0,340.4,237.6,11.5,Apple
macbook,15.3,M2,16.0,256.0,Apple M2,1.51,1400000.0,12.0,9.055,3045000.0,13.0,35.0,5.0,23.76 x 34.04 x 1.15 cm,Xám,Apple,8 - Core,2.4,0,Liquid Retina,2880 x 1864 Pixels,OLED,60,English International Backlit Keyboard,Không,LED,macos,36490000.0,340.4,237.6,11.5,Apple
macbook,13.6,M2,16.0,256.0,Apple M2,1.24,3000000.0,12.0,7.82,2813000.0,30.0,86.0,5.0,30.41 x 21.5 x 1.13 cm,Đen,Apple,8 - Core,2.3,0,Retina,2560 x 1644 Pixels,IPS,60,English International Backlit Keyboard,Không,LED,macos,31990000.0,304.1,215.0,11.3,Apple
macbook,15.0,M2,8.0,256.0,Apple M2,1.51,900000.0,12.0,7.782,2645000.0,14.0,39.0,5.0,23.76 x 34.04 x 1.15 cm,Xanh dương,Apple,8 - Core,2.3,0,Liquid Retina,2880 x 1800 Pixels,OLED,60,English International Backlit Keyboard,Không,LED,macos,31990000.0,340.4,237.6,11.5,Apple
macbook,13.3,M2,8.0,256.0,Apple M2,1.4,1500000.0,12.0,7.597,2573000.0,733.0,134.0,5.0,304.1 x 212.4 x 15.6 mm,Bạc,Apple,8 - Core,2.4,0,Retina,2560 x 1600 Pixels,OLED,60,English International Backlit Keyboard,Không,LED,macos,30490000.0,304.1,212.4,15.6,Apple
macbook,13.6,M2,8.0,256.0,Apple M2,1.24,3000000.0,12.0,6.747,2413000.0,168.0,212.0,5.0,30.41 x 21.5 x 1.13 cm,Đen,Apple,8 - Core,2.3,0,Retina,2560 x 1644 Pixels,IPS,60,English International Backlit Keyboard,Không,LED,macos,26990000.0,304.1,215.0,11.3,Apple
macbook,14.2,M2,32.0,512.0,Apple M2,1.6,5500000.0,12.0,13.97,8586000.0,0.0,7.0,5.0,31.26 x 22.12 x 1.55 cm,Xám,Apple,10-Core,4.3,0,Retina,3024 x 1964 Pixels,OLED,120,English International Backlit Keyboard,Không,LED,macos,58490000.0,312.6,221.2,15.5,Apple
macbook,14.2,M1 Pro,16.0,1024.0,Apple M1 Pro,1.604,10000000.0,12.0,12.747,8050000.0,97.0,493.0,5.0,317.7 x 226.9 x 17.9 mm,Xám,Apple,Đang cập nhật,2.7,0,Led,3024 x 1964 Pixels,IPS,60,English International Backlit Keyboard,Không,LED,macos,49990000.0,317.7,226.9,17.9,Apple
macbook,13.3,M1,16.0,256.0,Apple M1,1.29,1000000.0,12.0,7.122,2413000.0,205.0,332.0,5.0,304.1 x 212.4 x 4.1 ~ 16.1 mm,Bạc,Apple,Đang cập nhật,2.7,0,"IPS LCD LED Backlit, True Tone",2560 x 1600 Pixels,IPS,60,English International Backlit Keyboard,Không,LED,macos,28990000.0,304.1,212.4,41.0,Apple
macbook,13.3,M1,8.0,256.0,Apple M1,1.29,3200000.0,12.0,4.61,1653000.0,467.0,2271.0,5.0,304.1 x 212.4 x 4.1 ~ 16.1 mm,Xám,Apple,Đang cập nhật,2.7,0,"IPS LCD LED Backlit, True Tone",2560 x 1600 Pixels,IPS,60,English International Backlit Keyboard,Không,LED,macos,19790000.0,304.1,212.4,41.0,Apple
asus,15.6,Core i9,16.0,512.0,NVIDIA GeForce RTX 4060 8GB GDDR6,2.2,2000000.0,24.0,10.247,3307000.0,0.0,0.0,5.0,35.4 x 25.1 x 2.24 cm,Xám,Intel,13900H,2.6,2,Anti - Glare,1920 x 1080 Pixels,IPS,144,Backlit Chiclet Keyboard,Có (NumberPad),LED,windows,38990000.0,354.0,251.0,22.4,NVIDIA
asus,15.6,Core i9,16.0,512.0,NVIDIA GeForce RTX 4060 8GB GDDR6,1.8,8000000.0,24.0,10.497,3307000.0,0.0,0.0,5.0,35.63 x 23.53 x 1.99 mm,Bạc,Intel,13900H,2.6,1,OLED,2880 x 1620 Pixels,OLED,120,Backlit Chiclet Keyboard,Có,LED,windows,33990000.0,356.3,235.3,19.9,NVIDIA
asus,14.0,Core i9,16.0,512.0,NVIDIA GeForce RTX 3050 4GB,1.4,6000000.0,24.0,7.247,2653000.0,28.0,41.0,5.0,31.71 x 22.25 x 1.89 ~ 1.89 cm,Bạc,Intel,13900H,2.6,2,OLED,2880 x 1800 Pixels,IPS,90,Backlit Chiclet Keyboard,Không,LED,windows,27990000.0,317.1,222.5,18.9,NVIDIA
asus,14.0,Core i9,16.0,512.0,Intel Iris Xe Graphics,1.4,3000000.0,24.0,6.422,2181000.0,13.0,18.0,5.0,31.71 x 22.25 x 1.89 ~ 1.89 cm,Đen,Intel,13900H,2.6,1,OLED,2880 x 1800 Pixels,OLED,90,Backlit Chiclet Keyboard,Có,LED,windows,23990000.0,317.1,222.5,18.9,Intel
asus,14.0,Core i9,16.0,512.0,Intel Iris Xe Graphics,1.5,3000000.0,24.0,5.872,2141000.0,0.0,4.0,0.0,31.32 x 22.76 x 1.89 mm,Bạc,Intel,13900H,2.6,1,LED Backlit,1920 x 1200 Pixels,IPS,60,Backlit Chiclet Keyboard,Không,LED,windows,23490000.0,313.2,227.6,18.9,Intel
asus,15.6,Core i9,16.0,512.0,NVIDIA GeForce RTX 4060 8GB GDDR6,1.7,1500000.0,24.0,6.247,2021000.0,0.0,0.0,5.0,35.68 x 22.76 x 1.99 mm,Bạc,Intel,13900H,2.6,1,OLED,1920 x 1080 Pixels,OLED,60,Backlit Chiclet Keyboard,Có,LED,windows,23490000.0,356.8,227.6,19.9,NVIDIA
asus,15.6,Core i9,32.0,2048.0,NVIDIA GeForce RTX 3080 8GB,2.3,30000000.0,24.0,12.997,5237000.0,87.0,32.0,5.0,35.4 x 25.9 x 2.26 cm,Đen,Intel,12900H,2.5,2,Anti - Glare,2560 x 1440 Pixels,IPS,240,Backlit Chiclet Keyboard,Có (NumberPad),LED,windows,49990000.0,354.0,259.0,22.6,NVIDIA
lenovo,14.0,Core i7,16.0,512.0,NVIDIA GeForce RTX 4060 8GB GDDR6,1.35,1200000.0,36.0,0.0,2021000.0,0.0,1.0,5.0,312 x 221 x 14.9 mm,Xám Trắng,Intel,13700H,2.4,0,OLED,1920 x 1200 Pixels,IPS,60,Backlit Chiclet Keyboard,Không,Trắng,windows,23790000.0,312.0,221.0,14.9,NVIDIA
msi,15.6,Core i7,16.0,1024.0,NVIDIA GeForce RTX 4060 8GB GDDR6,2.25,5300000.0,24.0,8.047,2909000.0,26.0,37.0,4.0,359 x 259 x 24.9 mm,Đen,Intel,13620H,2.4,2,IPS,1920 x 1080 Pixels,IPS,144,English International Backlit Keyboard,Có,LED,windows,31690000.0,359.0,259.0,24.9,NVIDIA
msi,15.6,Core i7,8.0,512.0,NVIDIA GeForce RTX 4050 6GB GDDR6,2.29,3000000.0,24.0,7.522,2653000.0,13.0,19.0,4.0,359 x 259 x 24.9 mm,Đen,Intel,13620H,2.4,2,IPS FHD,1920 x 1080 Pixels,IPS,144,Backlit Chiclet Keyboard,Có,LED,windows,29990000.0,359.0,259.0,24.9,NVIDIA
asus,16.0,Core i7,16.0,512.0,NVIDIA GeForce RTX 4050 6GB GDDR6,3.82,6500000.0,24.0,9.372,3428000.0,13.0,19.0,5.0,35.4 x 26.4 x 2.26 ~ 3.04 cm,Xám,Intel,13650HX,2.6,2,Anti-Glare,1920 x 1200 Pixels,IPS,165,Backlit Chiclet Keyboard,Không,LED,windows,37490000.0,354.0,264.0,22.6,NVIDIA
dell,15.6,Core i7,16.0,512.0,NVIDIA GeForce RTX 4060 8GB GDDR6,2.65,3000000.0,12.0,10.747,3468000.0,4.0,8.0,4.0,357.26 x 274.52 x Height: (Front: 21.28 ; Rear: 26.15 ) mm,Xám,Intel,13650HX,1.9,2,WVA Anti-glare LED Backlit Narrow Border,1920 x 1080 Pixels,WVA,165,"6-row, multimedia Fn keys, numeric keypad",Có,LED,windows,39990000.0,357.26,274.52,21.28,NVIDIA
lenovo,14.0,Core i7,16.0,512.0,NVIDIA GeForce RTX 4060 8GB GDDR6,1.12,0.0,36.0,14.997,8039000.0,0.0,0.0,0.0,315.6 x 222.5 x 15.36 mm,Đen,Intel,1365U,1.3,0,Anti - Glare,1920 x 1200 Pixels,IPS,60,English International Backlit Keyboard,Không,LED,windows,59990000.0,315.6,222.5,15.36,NVIDIA
lenovo,16.0,Core i7,16.0,512.0,NVIDIA GeForce RTX 4050 6GB GDDR6,2.4,1900000.0,36.0,0.0,3053000.0,0.0,0.0,5.0,359.7 x 260.3 x 19.9-25.2 mm,Xám,Intel,13700H,2.4,2,Anti - Glare,2560 x 1600 Pixels,IPS,165,English International Backlit Keyboard,Có,Không,windows,36090000.0,359.7,260.3,19.9,NVIDIA
msi,15.0,Core i7,8.0,512.0,NVIDIA GeForce RTX 3050 4GB,1.86,2000000.0,12.0,4.722,1611000.0,197.0,76.0,5.0,359 * 245 * 21.7 mm,Đen,Intel,11800H,2.3,2,IPS,1920 x 1080 Pixels,IPS,144,Backlit Chiclet Keyboard,Không,LED,windows,18490000.0,359.0,245.0,21.7,NVIDIA
msi,13.3,Core i7,16.0,1024.0,Intel Iris Xe Graphics,0.99,2500000.0,24.0,7.872,2733000.0,0.0,0.0,5.0,299 x 210 x 16.9 mm,Xám,Intel,1360P,2.7,0,IPS,1920 x 1200 Pixels,IPS,144,Backlit Chiclet Keyboard,Có,LED,windows,31490000.0,299.0,210.0,16.9,Intel
asus,15.6,Core i7,8.0,512.0,NVIDIA GeForce RTX 3050 Ti 4GB,2.3,2000000.0,24.0,4.997,1779000.0,18.0,58.0,5.0,35.9 x 25.6 x 2.28 ~ 2.45 cm,Đen,Intel,11800H,2.3,2,Anti - Glare,FHD (1920 x 1080),IPS,144,Backlit Chiclet Keyboard,Có,LED,windows,19990000.0,359.0,256.0,22.8,NVIDIA
lenovo,14.0,Core i7,16.0,512.0,Intel Iris Xe Graphics,1.5,0.0,24.0,0.0,0.0,0.0,0.0,0.0,320 x 216 x 16.9 mm,Xám,Intel,1165G7,2.8,1,IPS,1920 x 1080 Pixels,IPS,60,"6-row, multimedia Fn keys",Không,LED,windows,27890000.0,320.0,216.0,16.9,Intel
asus,16.0,Core i7,16.0,512.0,NVIDIA GeForce RTX 4050 6GB GDDR6,2.0,5500000.0,24.0,11.247,3508000.0,0.0,0.0,5.0,35.5 x 24.3 x 2.05 ~ 2.29 cm,Xám,Intel,13620H,2.4,1,Anti - Glare,1920 x 1200 Pixels,IPS,165,Backlit Chiclet Keyboard,Không,LED,windows,39490000.0,355.0,243.0,20.5,NVIDIA
lg,16.0,Core i7,16.0,512.0,NVIDIA GeForce RTX 3050 4GB,1.299,5100000.0,24.0,11.747,4030999.0,2.0,6.0,4.0,35.51 x 24.23 x 1.68 cm,Đen,Intel,1360P,3.7,0,Anti - Glare,2560 x 1600 Pixels,IPS,60,Backlit Chiclet Keyboard,Có,LED,windows,44890000.0,355.1,242.3,16.8,NVIDIA
lg,14.0,Core i7,16.0,512.0,Intel Iris Xe Graphics,1.0,4300000.0,12.0,8.672,3133000.0,0.0,0.0,5.0,35.5 cm,Đen,Intel,1360P,2.2,0,IPS,1920 x 1200 Pixels,IPS,60,Bàn phím cứng,Không,LED,windows,34690000.0,343.2159523809524,237.6772619047619,20.84055555555556,Intel
msi,14.0,Core i7,16.0,512.0,Intel UHD Graphics,1.4,3000000.0,24.0,4.872,1739000.0,0.0,1.0,5.0,319.9 * 223 * 19.35 mm,Đen,Intel,1355U,1.7,0,FHD,1920 x 1080 Pixels,IPS,60,Backlit Chiclet Keyboard,Không,LED,windows,18490000.0,319.9,223.0,19.35,Intel
hp,15.6,Core i7,16.0,512.0,Intel UHD Graphics,1.59,1600000.0,12.0,5.622,1820000.0,13.0,18.0,5.0,35.98 x 23.6 x 1.86 cm,Bạc,Intel,1355U,1.7,2,LCD,1920 x 1080 Pixels,SVA,60,Chiclet Keyboard,Có,Không,windows,20890000.0,359.79999999999995,236.0,18.6,Intel
dell,15.6,Core i7,8.0,512.0,Intel Iris Xe Graphics,1.66,0.0,12.0,5.247,2221000.0,0.0,7.0,5.0,358x235x19 mm,Đen,Intel,1355U,1.7,2,WVA Anti-glare LED Backlit Narrow Border,1920 x 1080 Pixels,WVA,120,English International Non-backlit Keyboard,Có (NumberPad),LED,windows,21990000.0,358.0,235.0,19.0,Intel
dell,15.6,Core i7,16.0,512.0,NVIDIA GeForce MX550 2GB,1.74,500000.0,12.0,0.0,3356000.0,0.0,0.0,5.0,35.85 x 23.56 x 1.90 cm,Xám,Intel,1355U,1.3,0,Anti-Glare,1920 x 1200 Pixels,IPS,120,English International Backlit Keyboard,Có,LED,windows,24490000.0,358.5,235.6,19.0,NVIDIA
dell,14.0,Core i7,16.0,512.0,NVIDIA GeForce MX550 2GB,1.62,1500000.0,12.0,7.122,3958000.0,0.0,0.0,5.0,314 x 226.56 x 15.54~17.47 mm,Bạc,Intel,1355U,1.2,0,Wide-Viewing Angle (WVA),1920 x 1200 Pixels,WVA,60,Backlit Chiclet Keyboard,Không,Trắng,windows,27990000.0,314.0,226.56,15.54,NVIDIA
dell,15.6,Core i7,16.0,512.0,NVIDIA GeForce MX550 2GB,1.65,3500000.0,12.0,5.897,2181000.0,14.0,20.0,4.0,"358,50 x 234,90 x 17,50",Bạc,Intel,1355U,1.2,2,Anti-Glare LED-Backlit Display,1920 x 1080 Pixels,WVA,120,English International Backlit Keyboard,Không,LED,windows,23490000.0,358.5,234.9,17.5,NVIDIA
lenovo,14.0,Core i7,16.0,512.0,Intel Iris Xe Graphics,1.12,5000000.0,36.0,11.747,6300000.0,0.0,0.0,5.0,315 x 222 x 15.3 mm,Đen,Intel,1355U,1.7,0,IPS,1920 x 1200 Pixels,IPS,60,"6-row, multimedia Fn keys, numeric keypad",Có,LED,windows,41990000.0,315.0,222.0,15.3,Intel
asus,14.0,Core i7,16.0,512.0,Intel UHD Graphics,1.5,3500000.0,24.0,7.622,2733000.0,0.0,0.0,5.0,31.15 x 22.34 x 1.59 cm,Xanh,Intel,1360P,2.2,0,OLED Màn hình chính:,2880 x 1800 Pixels Màn hình chính:,IPS,90,Backlit Chiclet Keyboard,Không,LED,windows,30490000.0,311.5,223.4,15.9,Intel
hp,15.6,Core i7,16.0,512.0,Intel UHD Graphics,1.68,2000000.0,12.0,5.897,2045000.0,15.0,17.0,5.0,36.02 x 23.4 x 1.8 (W x D x H) cm,Bạc,Intel,1335U,3.7,2,LCD,FHD (1920 x 1080),IPS,60,English International Non-backlit Keyboard,Có,Không,windows,23290000.0,360.20000000000005,234.0,18.0,Intel
asus,14.0,Core i7,16.0,512.0,Intel UHD Graphics,1.39,3500000.0,24.0,6.872,2533000.0,0.0,0.0,0.0,31.36 x 22.06 x 1.69 cm,Xanh,Intel,1360P,2.2,0,OLED,2880 x 1800 Pixels,OLED,90,Backlit Chiclet Keyboard,Không,Không,windows,28490000.0,313.6,220.6,16.9,Intel
asus,15.6,Core i7,16.0,512.0,Intel Iris Xe Graphics,1.7,3500000.0,24.0,5.372,2101000.0,45.0,33.0,5.0,35.97 x 23.25 x 1.79,Bạc,Intel,1360P,2.2,1,OLED,1920 x 1080 Pixels,IPS,60,Backlit Chiclet Keyboard,Có,LED,windows,22490000.0,359.7,232.5,17.9,Intel
dell,14.0,Core i7,16.0,1024.0,Intel Iris Xe Graphics,1.58,1700000.0,12.0,6.372,2181000.0,0.0,5.0,5.0,31.40 x 22.66 x 1.85 cm,Bạc,Intel,1360P,2.0,0,Wide-Viewing Angle (WVA),1920 x 1200 Pixels,IPS,60,English International Backlit Keyboard,Có,LED,windows,25290000.0,314.0,226.6,18.5,Intel
dell,14.0,Core i7,16.0,512.0,Intel Iris Xe Graphics,1.94,0.0,12.0,7.747,4159000.0,0.0,0.0,5.0,356.78 x 251.70 x 15.42~18.20 mm,Bạc,Intel,1360P,1.6,0,Wide-Viewing Angle (WVA),1920 x 1200 Pixels,WVA,60,Backlit Chiclet Keyboard,Không,Trắng,windows,30990000.0,356.78,251.7,15.42,Intel
hp,14.0,Core i7,16.0,512.0,Intel UHD Graphics,1.38,2500000.0,12.0,6.122,2222000.0,0.0,19.0,5.0,32.19 x 21.39 x 1.99 cm,Bạc,Intel,1360P,1.9,2,Anti-glare LED UWVA,1920 x 1080 Pixels,IPS,60,Chiclet Keyboard,Không,LED,windows,24990000.0,321.9,213.9,19.9,Intel
lg,16.0,Core i7,16.0,512.0,Intel Iris Plus Graphics,2.0,3000000.0,12.0,11.747,3789000.0,2.0,5.0,5.0,40.6 cm,Xám,Intel,1360P,1.9,0,OLED,2560 x 1600 Pixels,OLED,120,Bàn phím cứng,Có,LED,windows,43990000.0,343.2159523809524,237.6772619047619,20.84055555555556,Intel
msi,16.0,Core i7,16.0,512.0,NVIDIA GeForce RTX 4050 6GB GDDR6,2.26,2700000.0,24.0,9.347,3213000.0,2.0,6.0,4.0,359 x 259 x 23.95 mm,Đen,Intel,13700H,2.4,2,IPS,1920 x 1200 Pixels,IPS,144,Backlit Chiclet Keyboard,Có,LED,windows,37290000.0,359.0,259.0,23.95,NVIDIA
msi,16.0,Core i7,32.0,2048.0,NVIDIA GeForce RTX 4060 8GB GDDR6,2.35,5000000.0,24.0,15.997,5558000.0,0.0,0.0,5.0,359 x 256 x 18.4 mm,Xám,Intel,13700HX,2.1,2,IPS,2560 x 1600 Pixels,IPS,120,Backlit Chiclet Keyboard,Có,LED,windows,63990000.0,359.0,256.0,18.4,NVIDIA
msi,17.3,Core i7,16.0,512.0,NVIDIA Geforce RTX 4070 8GB GDDR6,2.8,5000000.0,24.0,12.222,4272000.0,0.0,1.0,5.0,397 * 284 * 25.9 mm,Đen,Intel,13700H,2.4,2,IPS FHD,2560 x 1440 Pixels,IPS,240,Backlit Chiclet Keyboard,Có,LED,windows,47990000.0,397.0,284.0,25.9,NVIDIA
acer,14.0,Core i7,16.0,1024.0,Intel Iris Xe Graphics,1.2,4000000.0,12.0,6.622,2413000.0,0.0,0.0,5.0,321 (W) x 210.8 (D) x 15.9 (H) mm,Vàng,Intel,1260P,3.3,0,Acer ComfyView LED-backlit Chính:,2560 x 1440 Pixels Màn hình chính:,IPS,60,Bàn phím cứng,Không,LED,windows,26490000.0,321.0,210.8,15.9,Intel
hp,13.3,Core i7,8.0,512.0,Intel UHD Graphics,1.34,7600000.0,12.0,6.422,2381000.0,13.0,16.0,5.0,29.83 x 21.49 x 1.61 cm,Xanh dương,Intel,1250U,1.1,0,OLED,2880 x 1800 Pixels,AMOLED,60,Chiclet Keyboard,Không,LED,windows,24990000.0,298.29999999999995,214.9,16.1,Intel
dell,15.6,Core i7,8.0,512.0,Intel Iris Xe Graphics,1.7,1000000.0,12.0,4.922,1675000.0,14.0,23.0,5.0,358x235x21 mm,Đen,Intel,1255U,1.2,2,WVA Anti-glare LED Backlit Narrow Border,1920 x 1080 Pixels,WVA,120,English International Non-backlit Keyboard,Có,Không,windows,19690000.0,358.0,235.0,21.0,Intel
hp,14.0,Core i7,16.0,512.0,Intel Iris Xe Graphics,1.41,4200000.0,12.0,5.472,1997000.0,13.0,18.0,5.0,32.5 x 21.66 x 1.7 cm,Vàng,Intel,1255U,1.7,2,IPS,1920 x 1080 Pixels,IPS,60,Chiclet Keyboard,Không,Không,windows,20990000.0,325.0,216.6,17.0,Intel
hp,14.0,Core i7,8.0,512.0,Intel UHD Graphics,1.41,4400000.0,12.0,4.922,1932000.0,12.0,18.0,4.0,32.5 x 21.66 x 1.7 cm,Vàng,Intel,1255U,1.7,2,Anti - Glare,1920 x 1080 Pixels,IPS,60,Chiclet Keyboard,Không,Không,windows,19490000.0,325.0,216.6,17.0,Intel
hp,15.6,Core i7,8.0,512.0,Intel Iris Xe Graphics,1.69,5700000.0,12.0,4.247,1731000.0,25.0,37.0,4.0,"35,85 x 24,2 x 1,79 cm",Xanh,Intel,1255U,1.7,2,Wide-Viewing Angle (WVA),1920 x 1080 Pixels,WVA,60,Chiclet Keyboard,Có,Không,windows,17190000.0,358.5,242.0,17.9,Intel
lenovo,15.6,Core i7,16.0,512.0,Intel Iris Xe Graphics,1.63,1300000.0,24.0,4.197,1402000.0,14.0,35.0,5.0,359.2 x 236.5 x 19.9 mm,Xám,Intel,1255U,1.7,1,IPS,1920 x 1080 Pixels,IPS,60,"6-row, multimedia Fn keys, numeric keypad",Có,Không,windows,15990000.0,359.2,236.5,19.9,Intel
lenovo,14.0,Core i7,8.0,512.0,Intel Iris Xe Graphics,1.64,2600000.0,24.0,5.772,2069000.0,13.0,18.0,5.0,324 x 220.7 x 17.9 mm,Đen,Intel,1255U,1.7,1,Anti - Glare,1920 x 1080 Pixels,IPS,60,Chiclet Keyboard,Không,Không,windows,22990000.0,324.0,220.7,17.9,Intel
lenovo,13.3,Core i7,16.0,512.0,Intel Iris Xe Graphics,1.26,0.0,36.0,8.247,4426000.0,0.0,0.0,0.0,305 x 218 x 17.3 mm,Đen,Intel,1255U,1.7,0,IPS,1920 x 1200 Pixels,IPS,60,English International Backlit Keyboard,Không,LED,windows,32990000.0,305.0,218.0,17.3,Intel
msi,16.0,Core i7,32.0,2048.0,NVIDIA Geforce RTX 4070 8GB GDDR6,2.7,6000000.0,24.0,15.672,5397000.0,0.0,0.0,5.0,357 * 284 * 22.2 mm,Đen,Intel,13700HX,2.1,2,IPS,2560 x 1600 Pixels,IPS,240,Backlit Chiclet Keyboard,Có,LED,windows,60990000.0,357.0,284.0,22.2,NVIDIA
msi,15.6,Core i7,16.0,512.0,Intel Iris Xe Graphics,1.7,2500000.0,24.0,0.0,1532000.0,0.0,0.0,0.0,359 * 241 * 19.9* mm,Đen,Intel,1255U,1.7,0,IPS,1920 x 1080 Pixels,IPS,60,Chiclet Keyboard,Không,LED,windows,16990000.0,359.0,241.0,19.9,Intel
microsoft,13.0,Core i7,16.0,512.0,Intel Iris Xe Graphics,0.879,1000000.0,1.0,0.0,0.0,0.0,0.0,0.0,287 mm,Bạc,Intel,1255U,3.5,0,IPS,2880 x 1920 Pixels,IPS,120,Gắn rời,Không,Không,windows,50990000.0,343.2159523809524,237.6772619047619,20.84055555555556,Intel
asus,14.0,Core i7,16.0,512.0,Intel Iris Xe Graphics,1.39,5000000.0,24.0,6.672,2413000.0,122.0,111.0,5.0,313.6 x 220.6 x 16.9 mm,Xanh,Intel,1260P,2.1,0,OLED,2880 x 1800 Pixels,IPS,90,Backlit Chiclet Keyboard,Không,LED,windows,25990000.0,313.6,220.6,16.9,Intel
asus,15.6,Core i7,8.0,512.0,NVIDIA GeForce RTX 4060 8GB GDDR6,2.2,5000000.0,24.0,7.497,2733000.0,15.0,34.0,5.0,35.4 x 25.1 x 2.24 ~ 2.49 cm,Xám,Intel,12700H,2.3,2,IPS,1920 x 1080 Pixels,IPS,144,Backlit Chiclet Keyboard,Có,LED,windows,29490000.0,354.0,251.0,22.4,NVIDIA
msi,16.0,Core i7,16.0,2048.0,NVIDIA GeForce RTX 4060 8GB GDDR6,2.7,11000000.0,24.0,13.497,4722000.0,0.0,0.0,0.0,357*284*22.2 mm,Đen,Intel,13700HX,2.1,2,IPS,2560 x 1600 Pixels,IPS,240,Backlit Chiclet Keyboard,Có,LED,windows,51990000.0,357.0,284.0,22.2,NVIDIA
lenovo,14.0,Core i7,8.0,512.0,Intel Iris Xe Graphics,1.64,0.0,24.0,6.997,0.0,0.0,0.0,5.0,324 x 220 x 17.9 mm,Đen,Intel,1260P,2.1,1,IPS,"1920 x 1080 Pixelss , 60Hz",IPS,60,"6-row, multimedia Fn keys, numeric keypad",Có,LED,windows,27990000.0,324.0,220.0,17.9,Intel
asus,15.6,Core i7,8.0,512.0,NVIDIA GeForce RTX 4050 6GB GDDR6,2.2,4000000.0,24.0,8.747,2333000.0,15.0,17.0,5.0,35.4 x 25.1 x 2.24 ~ 2.49 cm,Xám,Intel,12700H,2.3,2,FHD Chính:,1920 x 1080 Pixels Màn hình chính:,IPS,144,Chiclet Keyboard,Có,LED,windows,27990000.0,354.0,251.0,22.4,NVIDIA
asus,15.6,Core i7,16.0,512.0,NVIDIA GeForce RTX 4050 6GB GDDR6,2.2,4500000.0,24.0,7.247,2573000.0,0.0,0.0,5.0,35.4 x 25.1 x 2.24 cm,Xám,Intel,12700H,2.3,2,Anti-Glare LED-Backlit Display,1920 x 1080 Pixels,IPS,144,Backlit Chiclet Keyboard,Có,Không,windows,28490000.0,354.0,251.0,22.4,NVIDIA
lenovo,16.0,Core i7,16.0,512.0,Intel Iris Xe Graphics,1.97,1300000.0,24.0,6.297,2157000.0,13.0,17.0,5.0,356.1 x 247.7 x 19.85,Đen,Intel,1355U,1.7,1,Anti - Glare,1920 x 1200 Pixels,IPS,60,English International Backlit Keyboard,Không,Không,windows,25390000.0,356.1,247.7,19.85,Intel
asus,15.6,Core i7,16.0,512.0,NVIDIA GeForce RTX 4060 8GB GDDR6,2.2,5000000.0,24.0,7.622,2813000.0,0.0,1.0,5.0,35.4 x 25.1 x 2.24 cm,Xám,Intel,12700H,2.3,2,Anti-Glare Chính:,1920 x 1080 Pixels Màn hình chính:,IPS,144,Backlit Chiclet Keyboard,Có (NumberPad),LED,windows,30490000.0,354.0,251.0,22.4,NVIDIA
acer,15.6,Core i7,8.0,512.0,NVIDIA GeForce RTX 3050 4GB,2.5,5500000.0,12.0,6.372,2181000.0,44.0,114.0,5.0,360.4 x 271.09 x 25.9 mm,Đen,Intel,12700H,2.3,2,Acer ComfyView LED-backlit,1920 x 1080 Pixels,IPS,144,"6-row, multimedia Fn keys",Có,LED,windows,24490000.0,360.4,271.09,25.9,NVIDIA
msi,15.6,Core i7,8.0,512.0,NVIDIA GeForce RTX 4050 6GB GDDR6,1.98,2800000.0,24.0,6.422,2222000.0,25.0,40.0,5.0,359.36 x 250.34 x 21.95 mm,Đen,Intel,12650H,2.3,2,IPS,1920 x 1080 Pixels,IPS,144,"6-row, multimedia Fn keys, numeric keypad",Có,LED,windows,24690000.0,359.36,250.34,21.95,NVIDIA
hp,14.0,Core i7,16.0,512.0,Intel UHD Graphics,1.42,500000.0,12.0,6.522,0.0,0.0,0.0,5.0,32.19 x 21.39 x 1.99 cm,Bạc,Intel,1355U,1.7,2,Anti-Glare,1920 x 1080 Pixels,IPS,60,Chiclet Keyboard,Không,Không,windows,25590000.0,321.9,213.9,19.9,Intel
asus,15.6,Core i5,8.0,512.0,Intel Iris Xe Graphics,1.7,4000000.0,24.0,3.747,1418000.0,183.0,292.0,5.0,359.7 x 232.5 x 19.9 mm,Bạc,Intel,1240P,1.7,0,LED Backlit,1920 x 1080 Pixels,IPS,60,Chiclet Keyboard,Có,Không,windows,14490000.0,359.7,232.5,19.9,Intel
dell,16.0,Core i5,16.0,512.0,NVIDIA GeForce MX570 2GB,1.845,1400000.0,12.0,5.997,2021000.0,24.0,35.0,4.0,35.678 x 25.190 x 1.795 cm,Xám,Intel,1240P,1.7,2,Anti -glare LED-Backlit Display,1200 x 1920 Pixels,TFT,60,English International Backlit Keyboard,Có,LED,windows,23590000.0,356.78,251.9,17.95,NVIDIA
dell,16.0,Core i5,8.0,512.0,NVIDIA GeForce MX570 2GB,1.97,1000000.0,12.0,5.172,2888000.0,13.0,24.0,5.0,"356,7 x 251,9 x 17.95 mm",Xám,Intel,1240P,3.3,2,Anti-Glare LED-Backlit Display,1920 x 1200 Pixels,WVA,60,English International Backlit Keyboard,Không,LED,windows,20490000.0,356.7,251.9,17.95,NVIDIA
hp,15.0,Core i5,8.0,512.0,Intel UHD Graphics,1.72,3400000.0,12.0,3.975,1562000.0,39.0,75.0,4.0,36.02 x 23.4 x 1.79 (W x D x H) cm,Bạc,Intel,1240P,1.7,2,IPS FHD,1920 x 1080 Pixels,IPS,60,English International Backlit Keyboard,Có,Không,windows,16390000.0,360.20000000000005,234.0,17.9,Intel
hp,15.6,Core i5,8.0,256.0,Intel Iris Xe Graphics,1.71,3300000.0,12.0,3.872,1442000.0,15.0,20.0,5.0,36.02 x 23.4 x 1.79 cm (W x D x H) cm,Vàng,Intel,1240P,1.7,2,IPS FHD,1920 x 1080 Pixels,IPS,60,Bàn phím cứng,Có,Không,windows,15490000.0,360.20000000000005,234.0,17.9,Intel
hp,15.6,Core i5,8.0,256.0,Intel Iris Xe Graphics,1.702,3500000.0,12.0,3.875,1377000.0,122.0,136.0,5.0,360.2 x 234 x 17.9 mm,Vàng,Intel,1240P,1.7,8,IPS FHD,1920 x 1080 Pixels,IPS,60,"6-row, multimedia Fn keys, numeric keypad",Có,Không,windows,14490000.0,360.2,234.0,17.9,Intel
acer,15.6,Core i5,8.0,512.0,Intel UHD Graphics,2.1,3000000.0,12.0,3.622,1329000.0,18.0,131.0,5.0,362.3 x 237.4  x 19.9 mm,Đen,Intel,12450H,3.3,2,Acer ComfyView LED-backlit,1920 x 1080 Pixels,IPS,60,"6-row, multimedia Fn keys",Có,LED,windows,13990000.0,362.3,237.4,19.9,Intel
lenovo,14.0,Core i5,8.0,512.0,Intel Iris Xe Graphics,1.4,4400000.0,24.0,4.497,1731000.0,16.0,24.0,5.0,323 x 218 x 17.9 mm,Xám,Intel,1235U,1.3,1,Anti - Glare,1920 x 1080 Pixels,IPS,60,Chiclet Keyboard,Không,LED,windows,16990000.0,323.0,218.0,17.9,Intel
asus,14.0,Core i5,8.0,512.0,Intel Iris Xe Graphics,1.39,5000000.0,24.0,5.045,2021000.0,129.0,142.0,5.0,313.6 x 220.6 x 16.9 mm,Xanh,Intel,1240P,1.7,0,OLED,2880 x 1800 Pixels,IPS,90,Chiclet Keyboard,Không,LED,windows,20490000.0,313.6,220.6,16.9,Intel
acer,15.6,Core i5,8.0,512.0,NVIDIA GeForce RTX 3050 4GB,2.5,6500000.0,12.0,4.997,1860000.0,16.0,65.0,4.0,363.4 x 255 x 23.9 mm,Đen,Intel,11400H,2.7,2,Acer ComfyView Anti-glare LED-backlit Màn hình chính:,1920 x 1080 Pixels Màn hình chính:,IPS,144,Bàn phím cứng,Có (NumberPad),LED,windows,19490000.0,363.4,255.0,23.9,NVIDIA
lenovo,15.6,Core i5,16.0,512.0,Intel Iris Xe Graphics,1.65,1800000.0,24.0,3.322,1225000.0,20.0,62.0,5.0,359.2 x 236.5 x 19.9 mm,Xám,Intel,1155G7,2.5,1,Anti - Glare,1920 x 1080 Pixels,IPS,60,Bàn phím cứng,Có,Không,windows,13490000.0,359.2,236.5,19.9,Intel
lenovo,16.0,Core i5,16.0,512.0,Intel Iris Xe Graphics,1.57,0.0,36.0,0.0,3088000.0,0.0,0.0,5.0,327.5 x 225.3 x 16.81 mm,Xám,Intel,1145G7,2.6,0,Anti-Glare,1920 x 1200 Pixels,IPS,60,English International Backlit Keyboard,Có,LED,windows,22990000.0,327.5,225.3,16.81,Intel
msi,15.6,Core i5,8.0,512.0,NVIDIA GeForce GTX 1650 4GB,1.86,2000000.0,12.0,3.625,1257000.0,124.0,140.0,5.0,359 x 254 x 21.7 mm,Đen,Intel,11400H,2.7,2,FHD,1920 x 1080 Pixels,IPS,144,Backlit Chiclet Keyboard,Không,LED,windows,14490000.0,359.0,254.0,21.7,NVIDIA
asus,17.3,Core i5,8.0,512.0,NVIDIA GeForce RTX 3050 4GB,2.6,8500000.0,24.0,4.622,1980000.0,99.0,110.0,5.0,399 x 269 x 23.3 mm,Xám,Intel,11400H,2.7,2,IPS LCD LED Backlit,1920 x 1080 Pixels,IPS,144,Backlit Chiclet Keyboard,Có,LED,windows,17990000.0,399.0,269.0,23.3,NVIDIA
asus,15.6,Core i5,8.0,512.0,NVIDIA GeForce RTX 3050 4GB,2.3,4000000.0,24.0,4.622,1739000.0,158.0,232.0,5.0,359.0 x 256.0 x 22.8 mm,Đen,Intel,11400H,2.7,8,Anti-glare LED-backlit,1920 x 1080 Pixels,IPS,144,Backlit Chiclet Keyboard,Có,LED,windows,17990000.0,359.0,256.0,22.8,NVIDIA
asus,15.6,Core i5,16.0,512.0,NVIDIA GeForce RTX 2050 4GB,2.3,3000000.0,24.0,4.747,1659000.0,65.0,106.0,5.0,359 x 256 x 22.8 ~ 24.3 mm,Đen,Intel,11400H,2.7,2,Anti-Glare,1920 x 1080 Pixels,IPS,144,Backlit Chiclet Keyboard,Có,LED,windows,17990000.0,359.0,256.0,22.8,NVIDIA
acer,15.6,Core i5,8.0,512.0,NVIDIA GeForce GTX 1650 4GB,2.2,5000000.0,12.0,4.497,1739000.0,60.0,902.0,4.0,363.4 x 255 x 23.9 mm,Đen,Intel,11400H,2.7,2,Acer ComfyView LED-backlit,1920 x 1080 Pixels,IPS,144,Backlit Chiclet Keyboard,Có,LED,windows,17490000.0,363.4,255.0,23.9,NVIDIA
asus,15.6,Core i5,8.0,512.0,Intel UHD Graphics,1.8,0.0,24.0,4.747,0.0,0.0,0.0,0.0,359.0 x 235.0 x 17.9 mm,Đen,Intel,1135G7,2.4,1,Anti-glare LED-backlit,1920 x 1080 Pixels,IPS,60,Backlit Chiclet Keyboard,Không,Không,windows,19990000.0,359.0,235.0,17.9,Intel
vaio,14.0,Core i5,8.0,512.0,Intel UHD Graphics,1.8,2000000.0,12.0,4.372,1538000.0,14.0,22.0,5.0,35.8 x 23.9 x 1.98 cm,Đen,Intel,1235U,3.3,1,IPS FHD,"1920 x 1080 Pixelss , 60Hz",IPS,60,"6-row, multimedia Fn keys, numeric keypad",Không,Không,windows,16990000.0,358.0,239.0,19.8,Intel
asus,15.6,Core i5,16.0,512.0,Intel UHD Graphics,1.8,1000000.0,24.0,3.547,1217000.0,0.0,0.0,0.0,36.00 x 23.50 x 1.99 cm,Bạc,Intel,1135G7,2.4,1,Anti - Glare,1920 x 1080 Pixels,IPS,60,Chiclet Keyboard,Có (NumberPad),Không,windows,13990000.0,360.0,235.0,19.9,Intel
acer,15.6,Core i5,8.0,256.0,Intel Iris Xe Graphics,1.7,1000000.0,12.0,2.997,1016000.0,145.0,104.0,5.0,363.4 x 247.5 x 19.9 mm,Vàng,Intel,1135G7,2.4,1,Acer ComfyView LED-backlit,1920 x 1080 Pixels,TN,60,Chiclet Keyboard,Có,Không,windows,11490000.0,363.4,247.5,19.9,Intel
acer,15.6,Core i5,8.0,512.0,Intel Iris Xe Graphics,1.7,2500000.0,12.0,3.14,1136000.0,87.0,134.0,5.0,363.4 x 247.5 x 19.9 mm,Bạc,Intel,1135G7,2.4,1,Acer ComfyView LED-backlit,1920 x 1080 Pixels,TN,60,Chiclet Keyboard,Có,Không,windows,11990000.0,363.4,247.5,19.9,Intel
acer,14.0,Core i5,8.0,512.0,Intel Iris Xe Graphics,1.45,800000.0,12.0,3.622,1217000.0,231.0,228.0,5.0,328 x 222.9 x 17.9 mm,Bạc,Intel,1135G7,2.4,1,Acer ComfyView Anti-glare LED-backlit,1920 x 1080 Pixels,IPS,60,Chiclet Keyboard,Không,LED,windows,14190000.0,328.0,222.9,17.9,Intel
acer,14.0,Core i5,16.0,512.0,Intel Iris Xe Graphics,1.19,5300000.0,12.0,4.372,1699000.0,295.0,256.0,5.0,15.9	x 322.8 x 212.2 mm,Bạc,Intel,1135G7,2.4,0,Acer ComfyView Anti-glare LED-backlit,1920 x 1080 Pixels,IPS,60,Backlit Chiclet Keyboard,Không,LED,windows,17690000.0,322.8,212.2,15.9,Intel
acer,16.1,Core i5,16.0,512.0,NVIDIA GeForce RTX 3050 4GB,1.9,2500000.0,12.0,6.497,2141000.0,14.0,42.0,4.0,18.9 x 368 x 235 mm,Xám,Intel,11320H,3.2,0,Acer ComfyView LED-backlit,1920 x 1080 Pixels,IPS,60,Backlit Chiclet Keyboard,Không,LED,windows,23990000.0,368.0,235.0,18.9,NVIDIA
acer,16.1,Core i5,16.0,512.0,NVIDIA GeForce RTX 3050 4GB,1.9,6000000.0,12.0,6.247,2333000.0,0.0,0.0,5.0,367.8 (W) x 236.1 (D) x 18.9 (H) mm,Xám,Intel,11320H,3.2,0,Acer ComfyView LED-backlit Chính:,FHD (1920 x 1080) Màn hình chính:,IPS,60,Bàn phím cứng,Có (NumberPad),LED,windows,24990000.0,367.8,236.1,18.9,NVIDIA
lenovo,15.6,Core i5,8.0,256.0,Intel Iris Xe Graphics,1.65,2500000.0,24.0,2.997,1072000.0,27.0,72.0,5.0,359.2 x 236.5 x 19.9 mm,Xám,Intel,1155G7,2.5,1,Anti-Glare LED-Backlit Display,1920 x 1080 Pixels,TN,60,"6-row, multimedia Fn keys, numeric keypad",Có,Không,windows,11190000.0,359.2,236.5,19.9,Intel
hp,13.3,Core i5,8.0,512.0,Intel Iris Xe Graphics,1.34,6800000.0,12.0,5.497,2165000.0,17.0,29.0,5.0,29.83 x 21.49 x 1.61 cm,Xanh dương,Intel,1230U,1.0,0,OLED,2880 x 1800 Pixels,OLED,60,Backlit Chiclet Keyboard,Không,LED,windows,21990000.0,298.29999999999995,214.9,16.1,Intel
acer,15.6,Core i5,8.0,512.0,Intel UHD Graphics,1.7,4500000.0,12.0,3.247,1377000.0,15.0,20.0,4.0,362.9x241.26x19.9 mm,Bạc,Intel,1235U,3.3,2,Acer ComfyView LED-backlit,1920 x 1080 Pixels,TFT,60,English International Non-backlit Keyboard,Có,Không,windows,13490000.0,362.9,241.26,19.9,Intel
dell,15.6,Core i5,8.0,256.0,Intel Iris Xe Graphics,1.9,3600000.0,12.0,3.732,1880000.0,42.0,71.0,4.0,235 x 358 x 189 mm,Đen,Intel,1235U,1.3,2,Anti - Glare,1920 x 1080 Pixels,WVA,120,English International Backlit Keyboard,Có,Không,windows,14990000.0,358.0,235.0,189.0,Intel
msi,14.0,Core i5,16.0,512.0,Intel Iris Xe Graphics,1.4,2400000.0,24.0,3.397,1233000.0,0.0,28.0,0.0,319.9 * 223 *1 9.35 mm,Đen,Intel,1235U,1.4,0,FHD,1920 x 1080 Pixels,IPS,60,Chiclet Keyboard,Có,LED,windows,13590000.0,319.9,223.0,10.0,Intel
msi,15.6,Core i5,16.0,512.0,Intel Iris Xe Graphics,1.7,500000.0,24.0,3.447,1176000.0,0.0,2.0,5.0,359 x 241 x 19.9 mm,Đen,Intel,1235U,1.3,0,IPS FHD,1920 x 1080 Pixels,IPS,60,English International Backlit Keyboard,Không,LED,windows,13990000.0,359.0,241.0,19.9,Intel
microsoft,13.0,Core i5,8.0,256.0,Intel UHD Graphics,0.879,1700000.0,1.0,7.447,2493000.0,0.0,6.0,0.0,287 mm,Bạc,Intel,1235U,3.3,0,IPS Chính:,2880 x 1920 Pixels,IPS,120,Gắn rời,Không,Không,windows,29290000.0,343.2159523809524,237.6772619047619,20.84055555555556,Intel
lenovo,14.0,Core i5,8.0,512.0,Intel Iris Xe Graphics,1.43,1500000.0,12.0,2.622,1056000.0,0.0,9.0,5.0,324 x 215 x 19.9 mm,Xám,Intel,1235U,1.3,1,Anti - Glare,1920 x 1080 Pixels,IPS,60,Chiclet Keyboard,Không,Không,windows,11490000.0,324.0,215.0,19.9,Intel
lenovo,15.6,Core i5,8.0,512.0,Intel Iris Xe Graphics,1.63,6000000.0,24.0,3.697,1377000.0,0.0,0.0,0.0,359.2 x 236.5 x 19.9 mm,Xanh,Intel,1235U,1.3,1,Anti-Glare LED-Backlit Display,1920 x 1080 Pixels,TN,60,"6-row, multimedia Fn keys, numeric keypad",Có,Không,windows,11990000.0,359.2,236.5,19.9,Intel
lenovo,14.0,Core i5,8.0,512.0,Intel Iris Xe Graphics,1.63,5800000.0,24.0,2.99,1361000.0,56.0,101.0,5.0,359.2 x 236.5 x 19.9 mm,Xanh,Intel,1235U,1.4,1,"IPS LCD LED Backlit, True Tone",1920 x 1080 Pixels,TN,60,"6-row, multimedia Fn keys",Không,Không,windows,11990000.0,359.2,236.5,19.9,Intel
acer,15.6,Core i5,8.0,512.0,NVIDIA GeForce RTX 4050 6GB GDDR6,2.5,2000000.0,12.0,6.747,2181000.0,12.0,20.0,5.0,360.4x271.09x25.9 mm,Đen,Intel,12450H,3.3,2,Acer ComfyView Anti-glare LED-backlit,1920 x 1080 Pixels,IPS,144,English International Backlit Keyboard,Có,LED,windows,25990000.0,360.4,271.09,25.9,NVIDIA
hp,15.6,Core i5,8.0,256.0,Intel Iris Xe Graphics,1.69,4200000.0,12.0,3.622,1353000.0,25.0,49.0,4.0,358.5 x 242 x 17.9 mm,Bạc,Intel,1235U,1.3,2,Wide-Viewing Angle (WVA),1920 x 1080 Pixels,WVA,60,Chiclet Keyboard,Có,Không,windows,13490000.0,358.5,242.0,17.9,Intel
hp,15.6,Core i5,8.0,256.0,Intel Iris Xe Graphics,1.7,4000000.0,12.0,3.782,1353000.0,11.0,36.0,4.0,35.85 x 24.2 x 1.79 cm,Xanh,Intel,1235U,13.0,8,Anti-Glare,1920 x 1080 Pixels,IPS,60,"6-row, multimedia Fn keys, numeric keypad",Có,Không,windows,14690000.0,358.5,242.0,17.9,Intel
hp,14.0,Core i5,8.0,512.0,Intel Iris Xe Graphics,1.41,3800000.0,12.0,3.872,1442000.0,0.0,0.0,0.0,32.4 x 22.59 x 1.99 (W x D x H) cm,Bạc,Intel,1235U,1.3,2,IPS,1920 x 1080 Pixels,IPS,60,English International Backlit Keyboard,Không,Không,windows,14990000.0,324.0,225.9,19.9,Intel
hp,14.0,Core i5,8.0,256.0,Intel Iris Xe Graphics,1.41,3200000.0,12.0,3.972,1434000.0,26.0,39.0,4.0,325 x 216.6 x 17 mm,Vàng,Intel,1235U,1.3,2,IPS,1920 x 1080 Pixels,IPS,60,Chiclet Keyboard,Không,Không,windows,15490000.0,325.0,216.6,17.0,Intel
hp,15.6,Core i5,8.0,512.0,NVIDIA GeForce MX550 2GB,1.71,4000000.0,12.0,5.347,1570000.0,14.0,15.0,5.0,36.02 x 23.4 x 1.79 cm,Bạc,Intel,1235U,1.3,2,IPS FHD,1920 x 1080 Pixels,IPS,60,Chiclet Keyboard,Có,Không,windows,17390000.0,360.20000000000005,234.0,17.9,NVIDIA
hp,15.6,Core i5,16.0,512.0,Intel Iris Xe Graphics,1.7,2500000.0,12.0,4.797,1578000.0,14.0,25.0,5.0,35.85 x 24.2 x 1.79 cm,Bạc,Intel,1235U,1.3,2,Anti-Glare,1920 x 1080 Pixels,IPS,60,"6-row, multimedia Fn keys, numeric keypad",Có,Không,windows,17490000.0,358.5,242.0,17.9,Intel
hp,14.0,Core i5,8.0,512.0,Intel Iris Xe Graphics,1.41,3400000.0,12.0,4.172,1554000.0,252.0,155.0,5.0,32.5 x 21.66 x 1.7 cm,Bạc,Intel,1235U,33.0,8,LED Backlit,1920 x 1080 Pixels,IPS,60,"6-row, multimedia Fn keys, numeric keypad",Không,Không,windows,16290000.0,325.0,216.6,17.0,Intel
hp,14.0,Core i5,16.0,512.0,Intel Iris Xe Graphics,1.41,3000000.0,12.0,4.747,1659000.0,33.0,40.0,4.0,"32,5 x 21,66 x 1,7 cm",Vàng,Intel,1235U,1.3,2,IPS,1920 x 1080 Pixels,IPS,60,Chiclet Keyboard,Không,Không,windows,17990000.0,325.0,216.6,17.0,Intel
acer,15.6,Core i5,16.0,512.0,NVIDIA GeForce RTX 3050 4GB,2.1,2000000.0,12.0,5.247,1779000.0,0.0,0.0,5.0,36.23 x 23.74 x 1.99  (W x D x H) cm,Đen,Intel,12450H,3.3,2,Acer ComfyView LED-backlit,1920 x 1080 Pixels,IPS,144,"6-row, multimedia Fn keys",Có,LED,windows,19990000.0,362.3,237.4,19.9,NVIDIA
msi,15.6,Core i5,8.0,512.0,NVIDA Geforce RTX 2050 4GB,1.98,2000000.0,24.0,4.747,1538000.0,0.0,2.0,5.0,359.36 x 250.34 x 21.95~22.9 mm,Đen,Intel,12450H,2.0,2,IPS FHD,1920 x 1080 Pixels,IPS,144,Backlit Chiclet Keyboard,Không,LED,windows,16990000.0,359.36,250.34,21.95,NVIDIA
acer,15.6,Core i5,16.0,512.0,NVIDIA GeForce RTX 4050 6GB GDDR6,2.1,500000.0,12.0,3.975,1337000.0,0.0,0.0,5.0,362.3 x 237.4  x 19.9 mm,Đen,Intel,12450H,3.3,2,Acer ComfyView LED-backlit,FHD (1920 x 1080),IPS,60,English International Backlit Keyboard,Có,LED,windows,15990000.0,362.3,237.4,19.9,NVIDIA
dell,15.6,Core i5,16.0,512.0,NVIDIA GeForce MX550 2GB,1.66,2000000.0,12.0,5.125,3021000.0,0.0,2.0,5.0,358 x 236 x 18 mm,Bạc,Intel,1335U,0.9,2,Anti-Glare LED-Backlit Display,FHD (1920 x 1080),WVA,120,English International Non-backlit Keyboard,Có,Không,windows,20490000.0,358.0,236.0,18.0,NVIDIA
msi,14.0,Core i5,8.0,512.0,Intel Iris Xe Graphics,1.4,2200000.0,24.0,3.862,1426000.0,16.0,14.0,5.0,319.9 x 223 x 19.35 mm,Đen,Intel,1335U,1.3,0,IPS,FHD (1920 x 1080),IPS,60,"6-row, multimedia Fn keys, numeric keypad",Có,LED,windows phone,15790000.0,319.9,223.0,19.35,Intel
msi,15.6,Core i5,8.0,512.0,Intel UHD Graphics,1.7,2200000.0,24.0,4.122,1466000.0,14.0,14.0,5.0,359 x 241 x 19.9 mm,Đen,Intel,1335U,1.3,0,FHD,1920 x 1080 Pixels,IPS,60,Backlit Chiclet Keyboard,Có,LED,windows,16290000.0,359.0,241.0,19.9,Intel
asus,15.6,Core i5,8.0,512.0,NVIDIA GeForce RTX 3050 4GB,2.0,4600000.0,24.0,4.747,1820000.0,325.0,445.0,5.0,354 x 251 x 19.9 mm,Đen,Intel,12450H,3.3,2,Anti-glare LED-backlit,1920 x 1080 Pixels,IPS,144,Backlit Chiclet Keyboard,Có,LED,windows,19390000.0,354.0,251.0,19.9,NVIDIA
msi,14.0,Core i5,16.0,512.0,Intel Iris Xe Graphics,1.4,2200000.0,24.0,3.985,1466000.0,12.0,13.0,5.0,319.9 x 223 x 19.35 mm,Đen,Intel,1335U,1.3,0,IPS,1920 x 1080 Pixels,IPS,60,"6-row, multimedia Fn keys",Không,LED,windows,16290000.0,319.9,223.0,19.35,Intel
lenovo,14.0,Core i5,16.0,512.0,Intel Iris Xe Graphics,1.43,1100000.0,12.0,0.0,1860000.0,0.0,0.0,5.0,313 x 219.3 x 17.99 mm,Đen,Intel,1335U,1.3,1,Anti-Glare,1920 x 1200 Pixels,IPS,60,English International Backlit Keyboard,Không,Trắng,windows,21890000.0,313.0,219.3,17.99,Intel
hp,15.6,Core i5,8.0,512.0,Intel Iris Xe Graphics,1.69,1600000.0,12.0,4.647,1619000.0,0.0,0.0,5.0,36.02 x 23.4 x 1.8 (W x D x H) cm,Bạc,Intel,1335U,3.3,2,IPS,FHD (1920 x 1080),IPS,60,English International Non-backlit Keyboard,Có,Không,windows,18390000.0,360.20000000000005,234.0,18.0,Intel
hp,15.6,Core i5,16.0,512.0,Intel UHD Graphics,1.36,1600000.0,12.0,4.897,1587000.0,3.0,1.0,5.0,32.4 x 21.5 x 1.79 cm,Bạc,Intel,1335U,1.3,2,LCD,1920 x 1080 Pixels,SVA,60,Chiclet Keyboard,Có,Không,windows,17990000.0,324.0,215.0,17.9,Intel
hp,15.6,Core i5,16.0,512.0,Intel UHD Graphics,1.68,1700000.0,12.0,4.947,1723000.0,14.0,19.0,5.0,36.02 x 23.4 x 1.8 (W x D x H) cm,Bạc,Intel,1335U,3.4,2,LCD,FHD (1920 x 1080),IPS,60,English International Non-backlit Keyboard,Có,Không,windows,19590000.0,360.20000000000005,234.0,18.0,Intel
dell,16.0,Core i5,16.0,512.0,Intel Iris Xe Graphics,1.9,0.0,12.0,6.422,3450000.0,0.0,0.0,5.0,356 x 251.90 x 15.67~17.95 mm,Xám,Intel,1335U,0.9,0,Wide-Viewing Angle (WVA),1920 x 1200 Pixels,WVA,60,Backlit Chiclet Keyboard,Có,Trắng,windows,25690000.0,356.0,251.9,15.67,Intel
dell,14.0,Core i5,8.0,512.0,Intel Iris Xe Graphics,1.62,3000000.0,12.0,5.622,2573000.0,0.0,1.0,5.0,"314 x 226,56  x 17,47 mm",Bạc,Intel,1335U,1.3,0,Anti-Glare LED-Backlit Display Chính:,1920 x 1200 Pixels Màn hình chính:,WVA,60,English International Backlit Keyboard,Không,LED,windows,22490000.0,314.0,226.56,17.47,Intel
asus,16.0,Core i5,8.0,512.0,Intel Iris Xe Graphics,1.68,2700000.0,24.0,3.747,1434000.0,28.0,41.0,4.0,35.87 x 24.95 x 1.99 ~ 1.99 cm,Bạc,Intel,1335U,1.3,1,Anti-Glare,1920 x 1200 Pixels,IPS,60,Chiclet Keyboard,Có,Không,windows,15490000.0,358.7,249.5,19.9,Intel
acer,15.6,Core i5,8.0,512.0,NVIDIA GeForce MX330 2GB,1.9,3000000.0,12.0,2.997,1056000.0,267.0,395.0,5.0,363.4 x 250.5 x 19.95 mm,Đen,Intel,1035G1,1.0,1,Acer ComfyView Anti-glare LED-backlit,1920 x 1080 Pixels,TN,60,Chiclet Keyboard,Không,Không,windows,10990000.0,363.4,250.5,19.95,NVIDIA
asus,15.6,Core i5,16.0,512.0,Intel Iris Xe Graphics,1.7,2500000.0,24.0,0.0,1538000.0,0.0,0.0,5.0,35.97 x 23.25 x 1.79 ~ 1.79 cm,Bạc,Intel,1335U,1.3,1,FHD,FHD (1920 x 1080),IPS,60,Chiclet Keyboard,Có,Không,windows,16490000.0,359.7,232.5,17.9,Intel
acer,15.6,Core i5,16.0,512.0,NVIDIA GeForce RTX 3080 8GB,1.7,500000.0,12.0,3.947,1337000.0,0.0,0.0,5.0,362.9 x 237.5  x 17.99 mm,Xám,Intel,1335U,3.4,0,Acer ComfyView Anti-glare LED-backlit,FHD (1920 x 1080),IPS,60,English International Non-backlit Keyboard,Có,Không,windows,15990000.0,362.9,237.5,17.99,NVIDIA
lenovo,15.6,Core i5,16.0,512.0,Intel Iris Xe Graphics,1.65,700000.0,12.0,0.0,1096000.0,0.0,17.0,5.0,359.2 x 235.8 x 19.9 mm,Xám,Intel,12500H,2.5,1,Anti - Glare,1920 x 1080 Pixels,IPS,60,English International Non-backlit Keyboard,Không,Không,windows,12790000.0,359.2,235.8,19.9,Intel
lenovo,15.6,Core i5,16.0,512.0,NVIDIA GeForce RTX 3050 4GB,2.35,4000000.0,36.0,7.997,2541000.0,13.0,30.0,5.0,358.8 x 262.35 x 19.99 mm,Xám,Intel,12500H,2.5,2,"IPS LCD LED Backlit, True Tone",1920 x 1080 Pixels,IPS,165,"6-row, multimedia Fn keys, numeric keypad",Có,LED,windows,27990000.0,358.8,262.35,19.99,NVIDIA
gigabyte,15.0,Core i5,16.0,512.0,NVIDIA GeForce RTX 4060 8GB GDDR6,1.9,800000.0,24.0,6.622,2141000.0,0.0,0.0,0.0,360 x 238 x 22.7 mm,Đen,Intel,12500H,2.5,2,FHD,1920 x 1080 Pixels,IPS,144,English International Backlit Keyboard,Có,LED,windows,25690000.0,360.0,238.0,22.7,NVIDIA
gigabyte,15.6,Core i5,8.0,512.0,NVIDIA GeForce RTX 4050 6GB GDDR6,2.25,2000000.0,24.0,7.247,2423000.0,0.0,4.0,5.0,360 x 272 x 20.9 mm,Đen,Intel,12500H,2.5,2,Anti-Glare,1920 x 1080 Pixels,IPS,360,English International Backlit Keyboard,Không,LED,windows,27990000.0,360.0,272.0,20.9,NVIDIA
asus,15.6,Core i5,8.0,512.0,Intel UHD Graphics,1.7,5200000.0,24.0,4.247,1659000.0,46.0,393.0,4.0,356.8 x 227.6 x 19.9 mm,Bạc,Intel,12500H,2.5,0,OLED,1920 x 1080 Pixels,IPS,60,Backlit Chiclet Keyboard,Có,LED,windows,16290000.0,356.8,227.6,19.9,Intel
asus,15.6,Core i5,16.0,512.0,NVIDIA GeForce RTX 3050 4GB,2.2,5000000.0,24.0,5.122,1900000.0,91.0,116.0,4.0,35.4 x 25.1 x 2.24 ~ 2.49 cm,Xám,Intel,12500H,2.5,2,Anti - Glare,1920 x 1080 Pixels,IPS,144,Backlit Chiclet Keyboard,Có,LED,windows,19990000.0,354.0,251.0,22.4,NVIDIA
acer,15.6,Core i5,8.0,512.0,NVIDIA GeForce RTX 3050 4GB,2.5,6000000.0,12.0,5.747,2141000.0,50.0,548.0,4.0,360.4 x 271.09 x 25.9 mm,Đen,Intel,12500H,3.3,2,Acer ComfyView LED-backlit,1920 x 1080 Pixels,IPS,144,Backlit Chiclet Keyboard,Có,LED,windows,21990000.0,360.4,271.09,25.9,NVIDIA
msi,15.6,Core i5,16.0,512.0,NVIDA Geforce RTX 2050 4GB,1.98,600000.0,24.0,4.997,1619000.0,0.0,0.0,5.0,359.36 x 359.36 x 21.95~22.9 mm,Đen,Intel,12450H,2.0,2,IPS,FHD (1920 x 1080),IPS,144,Backlit Chiclet Keyboard,Có,LED,windows,19390000.0,359.36,359.36,21.95,NVIDIA
msi,14.0,Core i5,16.0,512.0,Intel Iris Xe Graphics,1.4,2200000.0,24.0,4.322,1466000.0,0.0,0.0,5.0,319.9 x 223 x 19.35 mm,Hồng,Intel,1335U,1.3,0,IPS,1920 x 1080 Pixels,IPS,60,"6-row, multimedia Fn keys",Không,LED,windows,16290000.0,319.9,223.0,19.35,Intel
msi,14.0,Core i5,8.0,512.0,Intel Iris Xe Graphics,1.4,2200000.0,24.0,4.247,1426000.0,0.0,0.0,5.0,319.9 x 223 x 19.35 mm,Hồng,Intel,1335U,1.3,0,IPS,1920 x 1080 Pixels,IPS,60,"6-row, multimedia Fn keys",Không,Không,windows,15790000.0,319.9,223.0,19.35,Intel
msi,14.0,Core i5,8.0,512.0,Intel Iris Xe Graphics,1.4,2200000.0,24.0,3.822,1426000.0,0.0,0.0,5.0,319.9 x 223 x 19.35 mm,Bạc,Intel,1335U,1.3,0,IPS,1920 x 1080 Pixels,IPS,60,"6-row, multimedia Fn keys",Không,LED,windows,15790000.0,319.9,223.0,19.35,Intel
acer,15.6,Core i5,32.0,512.0,NVIDA Geforce RTX 2050 4GB,1.7,4400000.0,12.0,0.0,3088000.0,0.0,0.0,0.0,361 x 237 x 17.9 mm,Xám,Intel,13420H,3.4,2,FHD,1920 x 1080 Pixels,IPS,60,English International Backlit Keyboard,Có,LED,windows,18590000.0,361.0,237.0,17.9,NVIDIA
gigabyte,15.6,Core i5,16.0,512.0,NVIDIA GeForce RTX 4050 6GB GDDR6,1.9,800000.0,24.0,5.822,1884000.0,35.0,72.0,5.0,360(W) x 238(D) x  227(H) mm,Đen,Intel,12450H,2.0,2,Anti-Glare,1920 x 1080 Pixels,IPS,144,English International Backlit Keyboard,Có,LED,windows,22490000.0,360.0,238.0,227.0,NVIDIA
lenovo,14.0,Core i5,16.0,512.0,Intel UHD Graphics,1.37,1500000.0,24.0,3.497,1241000.0,17.0,68.0,5.0,324.3 x 213.8 x 17.9 mm,Xám,Intel,12450H,2.0,0,Anti - Glare,1920 x 1080 Pixels,IPS,60,Bàn phím cứng,Không,Không,windows,13990000.0,324.3,213.8,17.9,Intel
lenovo,16.0,Core i5,16.0,512.0,Intel UHD Graphics,1.89,1500000.0,36.0,4.122,1377000.0,14.0,52.0,5.0,356 x 251 x 17.9 mm,Đen,Intel,12450H,2.0,0,Anti - Glare,1920 x 1200 Pixels,IPS,60,English International Non-backlit Keyboard,Có,Không,windows,15990000.0,356.0,251.0,17.9,Intel
lenovo,16.0,Core i5,16.0,1024.0,Intel UHD Graphics,1.89,0.0,36.0,0.0,2352000.0,0.0,1.0,5.0,356 x 251 x 17.9 mm,Xám,Intel,12450H,2.0,0,Anti-Glare,1920 x 1200 Pixels,IPS,144,Backlit Chiclet Keyboard,Có,LED,windows,17490000.0,356.0,251.0,17.9,Intel
msi,15.6,Core i5,16.0,512.0,NVIDIA GeForce RTX 4050 6GB GDDR6,1.86,1500000.0,12.0,5.497,1860000.0,111.0,76.0,5.0,359 x  254 x 21.7 mm,Đen,Intel,12450H,2.0,2,IPS FHD,1920 x 1080 Pixels,IPS,144,Bàn phím cứng,Có,LED,windows,21490000.0,359.0,254.0,21.7,NVIDIA
msi,15.6,Core i5,16.0,512.0,NVIDIA GeForce RTX 3050 4GB,1.86,1700000.0,12.0,4.622,1619000.0,0.0,0.0,5.0,359 x 254 x 21.7 mm,Đen,Intel,12450H,2.0,2,IPS,1920 x 1080 Pixels,IPS,144,Chiclet Keyboard,Có,LED,windows,18290000.0,359.0,254.0,21.7,NVIDIA
msi,15.6,Core i5,8.0,512.0,NVIDA Geforce RTX 2050 4GB,1.86,1300000.0,12.0,4.122,1458000.0,0.0,0.0,5.0,359 x 254 x 21.7 mm,Đen,Intel,12450H,2.0,2,FHD,1920 x 1080 Pixels,IPS,144,Backlit Chiclet Keyboard,Không,LED,windows,16690000.0,359.0,254.0,21.7,NVIDIA
msi,14.0,Core i5,16.0,512.0,Intel Iris Xe Graphics,1.49,2300000.0,24.0,6.172,2181000.0,0.0,0.0,5.0,314 x 227.5 x 17.9 mm,Bạc,Intel,13500H,3.5,0,IPS,1920 x 1200 Pixels,IPS,144,Backlit Chiclet Keyboard,Có,LED,windows,24690000.0,314.0,227.5,17.9,Intel
lenovo,14.0,Core i5,16.0,512.0,Intel Iris Xe Graphics,1.46,1500000.0,36.0,5.122,1659000.0,0.0,14.0,5.0,312 x 221 x 16.9 mm,Xám,Intel,13500H,3.5,0,OLED,1920 x 1200 Pixels,OLED,60,English International Backlit Keyboard,Không,Không,windows,18990000.0,312.0,221.0,16.9,Intel
lenovo,15.6,Core i5,8.0,512.0,NVIDIA GeForce RTX 4050 6GB GDDR6,2.4,1000000.0,24.0,7.497,2493000.0,0.0,3.0,5.0,359.6 x 264.8 x 22.1-25.2 mm,Xám,Intel,13400,2.1,2,IPS FHD,1920 x 1080 Pixels,IPS,144,"6-row, multimedia Fn keys, numeric keypad",Có,Không,windows,29990000.0,359.6,264.8,22.1,NVIDIA
asus,14.0,Core i5,8.0,512.0,Intel UHD Graphics,1.6,4500000.0,24.0,4.122,1578000.0,36.0,73.0,5.0,31.71 x 22.20 x 1.99 ~ 1.99 mm,Đen,Intel,13500H,3.5,1,OLED,2880 x 1800 Pixels,IPS,90,Chiclet Keyboard,Không,LED,windows,15990000.0,317.1,222.0,19.9,Intel
asus,15.6,Core i5,16.0,512.0,Intel UHD Graphics,1.7,2500000.0,24.0,4.497,1659000.0,67.0,96.0,4.0,35.68 x 22.76 x 1.99 ~ 1.99 cm,Bạc,Intel,13500H,2.6,1,FHD,1920 x 1080 Pixels,IPS,60,Chiclet Keyboard,Có,Không,windows,18490000.0,356.8,227.6,19.9,Intel
acer,17.3,Core i5,8.0,512.0,NVIDIA GeForce RTX 4050 6GB GDDR6,3.0,0.0,12.0,0.0,2853000.0,0.0,0.0,5.0,400.2 (W) x 293.25 (D) x 27.9/28.9 (H) mm,Đen,Intel,13500H,3.5,2,Acer ComfyView LED-backlit Chính:,FHD (1920 x 1080) Màn hình chính:,IPS,165,Bàn phím cứng,Có (NumberPad),LED,windows,35490000.0,400.2,293.25,27.9,NVIDIA
asus,15.6,Core i5,16.0,512.0,Intel UHD Graphics,1.8,7000000.0,24.0,9.497,2973000.0,0.0,0.0,0.0,35.63 x 23.53 x 1.99 cm,Bạc,Intel,13500H,2.6,1,OLED,2880 x 1620 Pixels,OLED,120,Backlit Chiclet Keyboard,Có,Không,windows,30990000.0,356.3,235.3,19.9,Intel
lg,14.0,Core i5,16.0,256.0,Intel Iris Xe Graphics,0.999,6500000.0,24.0,7.622,2613000.0,0.0,1.0,5.0,"312 x 213,9 x 16,8 mm",Xám,Intel,1340P,4.6,0,Anti-Glare,1920 x 1200 Pixels,IPS,60,Backlit Chiclet Keyboard,Không,LED,windows,25990000.0,312.0,213.9,16.8,Intel
asus,14.0,Core i5,16.0,512.0,Intel Iris Xe Graphics,1.5,4000000.0,24.0,6.622,2382000.0,27.0,31.0,5.0,31.15 x 22.34 x 1.59 ~ 1.59 mm,Xanh,Intel,1340P,4.6,0,OLED Chính:,2880 x 1800 Pixels,IPS,90,Backlit Chiclet Keyboard,Không,LED,windows,25990000.0,311.5,223.4,15.9,Intel
lg,14.0,Core i5,16.0,512.0,Intel Iris Plus Graphics,1.5,4300000.0,12.0,8.672,3133000.0,0.0,8.0,4.0,"35,5 cm",Trắng,Intel,1340P,1.9,0,OLED,2880 x 1800 Pixels,OLED,90,Bàn phím cứng,Không,LED,windows,34690000.0,343.2159523809524,237.6772619047619,20.84055555555556,Intel
lenovo,16.0,Core i5,16.0,512.0,Intel Iris Xe Graphics,1.97,1700000.0,24.0,5.497,1916000.0,15.0,26.0,5.0,356.1 x 247.7 x 19.85 mm,Đen,Intel,1340P,1.9,1,Anti - Glare,1920 x 1200 Pixels,IPS,60,English International Backlit Keyboard,Có,LED,windows,21990000.0,356.1,247.7,19.85,Intel
hp,14.0,Core i5,16.0,512.0,Intel UHD Graphics,1.38,2100000.0,12.0,5.372,1884000.0,14.0,18.0,5.0,32.19 x 21.39 x 1.99 cm,Bạc,Intel,1340P,1.9,2,Anti-glare LED UWVA,1920 x 1080 Pixels,IPS,60,Chiclet Keyboard,Không,LED,windows,21190000.0,321.9,213.9,19.9,Intel
asus,14.0,Core i5,16.0,512.0,Intel Iris Xe Graphics,1.39,4000000.0,24.0,6.147,2262000.0,25.0,36.0,5.0,313.6 x 219.8 x 16.9 mm,Bạc,Intel,1340P,1.9,0,OLED,2880 x 1800 Pixels,OLED,90,Backlit Chiclet Keyboard,Có (NumberPad),LED,windows,23990000.0,313.6,219.8,16.9,Intel
lg,14.0,Core i5,16.0,512.0,Intel Iris Plus Graphics,1.25,4000000.0,24.0,8.872,3053000.0,0.0,2.0,0.0,31.4 x 21.95 x 1.68 cm,Đen,Intel,1340P,4.6,0,Anti - Glare,1920 x 1200 Pixels,IPS,60,Backlit Chiclet Keyboard,Có,LED,windows,33990000.0,314.0,219.5,16.8,Intel
asus,14.0,Core i3,8.0,256.0,Intel UHD Graphics,1.6,2000000.0,24.0,2.282,1417000.0,353.0,289.0,5.0,325.4 x 216.0 x 19.9 cm,Bạc,Intel,1115G4,3.0,0,Anti-glare LED-backlit,1920 x 1080 Pixels,TN,60,Chiclet Keyboard,Không,Không,windows,8990000.0,325.4,216.0,19.9,Intel
asus,15.6,Core i3,8.0,256.0,Intel UHD Graphics,1.8,2000000.0,24.0,2.997,1618000.0,106.0,94.0,5.0,359.0 x 235.0 x 17.9 mm,Bạc,Intel,1115G4,3.0,1,Anti-glare LED-backlit,1920 x 1080 Pixels,IPS,60,Chiclet Keyboard,Có,Không,windows,9990000.0,359.0,235.0,17.9,Intel
asus,15.6,Core i3,8.0,512.0,Intel UHD Graphics,1.8,1500000.0,24.0,2.28,1457000.0,46.0,55.0,4.0,360 x 235 x 19.9 mm,Bạc,Intel,1115G4,3.0,1,Anti -glare LED-Backlit Display,FHD (1920 x 1080),TN,60,Chiclet Keyboard,Có,Không,windows,9790000.0,360.0,235.0,19.9,Intel
hp,15.6,Core i3,8.0,256.0,Intel UHD Graphics,1.7,3500000.0,12.0,2.302,951000000.0,39.0,105.0,5.0,35.85 x 24.2 x 1.79 cm,Bạc,Intel,1115G4,17.0,8,Anti-Glare,1920 x 1080 Pixels,IPS,60,"6-row, multimedia Fn keys, numeric keypad",Có,Không,windows,9190000.0,358.5,242.0,17.9,Intel
hp,15.6,Core i3,8.0,256.0,Intel UHD Graphics,1.7,3500000.0,12.0,2.302,951000000.0,25.0,83.0,5.0,35.85 x 24.2 x 1.79 cm,Vàng,Intel,1115G4,17.0,8,Anti-Glare,1920 x 1080 Pixels,IPS,60,"6-row, multimedia Fn keys, numeric keypad",Có,Không,windows,9190000.0,358.5,242.0,17.9,Intel
hp,14.0,Core i3,8.0,256.0,Intel UHD Graphics,1.35,3200000.0,12.0,2.397,927000000.0,14.0,32.0,4.0,32.4 x 22.5 x 1.79 cm,Bạc,Intel,1115G4,3.0,2,LED Backlit,1920 x 1080 Pixels,SVA,60,English International Non-backlit Keyboard,Không,Không,windows,9190000.0,324.0,225.0,17.9,Intel
msi,14.0,Core i3,8.0,512.0,Intel UHD Graphics,1.4,2500000.0,24.0,2.457,1444000.0,30.0,50.0,5.0,319.9 * 223 * 19.35 mm,Đen,Intel,1115G4,17.0,0,IPS,1920 x 1080 Pixels,IPS,60,Backlit Chiclet Keyboard,Không,LED,windows,9490000.0,319.9,223.0,19.35,Intel
huawei,14.0,Core i3,8.0,256.0,Intel UHD Graphics,1.39,1200000.0,12.0,0.0,1216000.0,0.0,0.0,0.0,314.5 × 227.79 × 15.9 mm,Xám,Intel,1215U,1.2,1,Anti-Glare LED-Backlit Display,"1920 x 1080 Pixelss , 60Hz",IPS,60,English International Backlit Keyboard,Không,Không,windows,10790000.0,314.5,227.79,15.9,Intel
lenovo,14.0,Core i3,8.0,512.0,Intel UHD Graphics,1.63,4800000.0,24.0,2.597,1160000.0,51.0,61.0,5.0,359.2 x 236.5 x 19.9 mm,Xanh,Intel,1215U,1.2,1,LED Backlit,1920 x 1080 Pixels,TN,60,"6-row, multimedia Fn keys",Không,Không,windows,9990000.0,359.2,236.5,19.9,Intel
dell,15.6,Core i3,8.0,256.0,Intel UHD Graphics,1.83,3200000.0,12.0,2.772,1438000.0,16.0,60.0,5.0,358.5 x 235.56 x 18.99 mm,Xám,Intel,1215U,1.2,2,Anti-glare LED-backlit,1920 x 1080 Pixels,WVA,120,English International Non-backlit Keyboard,Có,Không,windows,10990000.0,358.5,235.56,18.99,Intel
asus,14.0,Core i3,8.0,512.0,Intel UHD Graphics,1.4,600000.0,24.0,0.0,1618000.0,0.0,0.0,0.0,32.49 x 21.39 x 1.79 ~ 1.79 cm,Xanh,Intel,1215U,1.2,0,FHD,FHD (1920 x 1080),IPS,60,Chiclet Keyboard,Không,Không,windows,11390000.0,324.90000000000003,213.9,17.9,Intel
asus,16.0,Core i3,8.0,512.0,Intel UHD Graphics,1.68,1500000.0,24.0,2.772,1000000.0,17.0,62.0,4.0,35.87 x 24.95 x 1.99 ~ 1.99 cm,Bạc,Intel,1215U,1.2,1,Anti - Glare,1920 x 1200 Pixels,IPS,60,Backlit Chiclet Keyboard,Có,Không,windows,10790000.0,358.7,249.5,19.9,Intel
acer,15.6,Core i3,8.0,256.0,Intel UHD Graphics,1.7,4300000.0,12.0,2.15,975000000.0,28.0,61.0,5.0,362.9 (W) x 241.26 (D) x 19.9 (H) mm,Bạc,Intel,1215U,4.4,2,Acer ComfyView LED-backlit,1920 x 1080 Pixels,VA,60,"6-row, multimedia Fn keys",Có,Không,windows,8690000.0,362.9,241.26,19.9,Intel
acer,15.6,Core i3,16.0,512.0,NVIDIA GeForce RTX 3080 8GB,1.7,1000000.0,12.0,3.247,1056000.0,0.0,0.0,0.0,362.9 x 237.5 x 17.99 mm,Xám,Intel,1305U,3.3,0,Acer ComfyView Anti-glare LED-backlit,FHD (1920 x 1080),IPS,60,English International Non-backlit Keyboard,Có,Không,windows,11990000.0,362.9,237.5,17.99,NVIDIA
acer,15.6,Core i3,8.0,256.0,Intel UHD Graphics,1.7,1300000.0,12.0,2.247,1350000.0,14.0,23.0,4.0,50.5 x 7.0 x 31.5  (L x W x H) mm cm,Bạc,Intel,1215U,4.4,2,Acer ComfyView LED-backlit,1920 x 1080 Pixels,VA,60,"6-row, multimedia Fn keys",Có,Không,windows,8690000.0,315.0,505.0,70.0,Intel
asus,14.0,Core i3,8.0,256.0,Intel UHD Graphics,1.4,2500000.0,24.0,2.622,1016000.0,12.0,19.0,5.0,32.49 x 21.39 x 1.79 cm,Xanh,Intel,1215U,1.2,1,FHD Chính:,1920 x 1080 Pixels Màn hình chính:,IPS,60,Chiclet Keyboard,Không,Không,windows,9990000.0,324.90000000000003,213.9,17.9,Intel
masstel,14.0,Celeron,4.0,128.0,Intel UHD Graphics,1.39,500000.0,18.0,1.325,613000000.0,0.0,247.0,0.0,329 x 220 x 18.7 mm,Xám,Intel,N4120,1.1,0,IPS LCD,1366 x 768 Pixels,IPS,60,Chiclet Keyboard,Không,Không,windows,3990000.0,329.0,220.0,18.7,Intel
