branch,screen,CPU,RAM,memory,graphic card,weight,discount,warranty,fgold,installment,evaluation,answer,star,size,color,cpu_branch,cpu_type,cpu_speed,cpu_core,cpu_thread,ram_type,ram_speed,ram_track,ram_onboard,screen_tech,screen_resolution,screen_plate,screen_scan,screen_coverage,screen_type,speaker,keyboard_type,keyboard_number,keyboard_lamp,battery_type,battery_supply,os,price
asus,15.6,Core i5,16,512,NVIDIA GeForce RTX 2050 4GB,2.3,3000000,24,4.747,1659000,65,106,5,359 x 256 x 22.8 ~ 24.3 mm,Đen,Intel,11400H,2.7,6.0,,DDR4,3200 MHz,2,0,Anti-Glare,1920 x 1080 Pixels,IPS,144,,,,Backlit Chiclet Keyboard,Có,LED,,48 W,windows,17990000
msi,15.6,Core i5,16,512,NVIDIA GeForce RTX 4050 6GB GDDR6,1.86,1500000,12,5.497,1860000,111,76,5,359 x  254 x 21.7 mm,Đen,Intel,12450H,2.0,8.0,12.0,DDR4,3200 MHz,2,0,IPS FHD,1920 x 1080 Pixels,IPS,144,45% NTSC,Màn hình phẳng,3,Bàn phím cứng,Có,LED,,,windows,21490000
asus,15.6,Core i5,16,512,NVIDIA GeForce RTX 3050 4GB,2.2,5000000,24,5.122,1900000,91,116,4,35.4 x 25.1 x 2.24 ~ 2.49 cm,Xám,Intel,12500H,2.5,12.0,16.0,DDR4,3200 MHz,2,0,Anti - Glare,1920 x 1080 Pixels,IPS,144,63% sRGB,LED,,Backlit Chiclet Keyboard,Có,LED,Lithium-ion,200 W,windows,19990000
lenovo,15.6,Ryzen 5,8,512,NVIDIA GeForce RTX 4050 6GB GDDR6,2.32,4000000,24,5.747,2101000,15,48,4,359.6 x 266.4 x 21.8 mm,Xám,AMD,7535HS,3.3,6.0,12.0,DDR5,4800 MHz,1,1,Anti - Glare,1920 x 1080 Pixels,IPS,120,45% NTSC,,,English International Backlit Keyboard,Có,LED,,,windows,21990000
acer,15.6,Core i5,8,512,Intel UHD Graphics,2.1,3000000,12,3.622,1329000,18,131,5,362.3 x 237.4  x 19.9 mm,Đen,Intel,12450H,3.3,8.0,12.0,DDR4,3200 MHz,2,0,Acer ComfyView LED-backlit,1920 x 1080 Pixels,IPS,60,,,,"6-row, multimedia Fn keys",Có,LED,,,windows,13990000
hp,14.0,Ryzen 5,8,256,AMD Radeon Graphics,1.36,1900000,12,3.322,1040000,16,23,4,32.4 x 21.5 x 1.79 cm,Bạc,AMD,7520U,4.3,,,,,0,1,LCD,1920 x 1080 Pixels,IPS,60,,,,English International Backlit Keyboard,Không,Không,,,windows,11390000
asus,14.0,Ryzen 5,16,512,Intel UHD Graphics,1.5,2300000,24,4.147,1498000,20,47,5,31.32 x 22.76 x 1.89 cm,Bạc,AMD,7530U,2.0,,,,,0,1,LED Backlit,1920 x 1200 Pixels,IPS,60,,,,Backlit Chiclet Keyboard,Không,LED,,,windows,16690000
lenovo,15.6,Ryzen 5,16,512,AMD Radeon Graphics,1.58,1700000,24,3.247,1056000,0,21,5,360.2 x 236 x 17.9 mm,Xám,AMD,5500U,2.1,6.0,12.0,DDR4,3200 MHz,0,2,FHD,1920 x 1080 Pixels,TN,60,,Màn hình phẳng,,English International Non-backlit Keyboard,Có,Không,,65 W,windows,11290000
hp,14.0,Ryzen 5,16,512,AMD Radeon Graphics,1.4,1200000,12,3.257,1233000,36,62,5,32.37 x 21.5 x 1.79 cm,Bạc,AMD,7520U,2.8,4.0,8.0,LPDDR5,5500 MHz,0,1,FHD,1920 x 1080 Pixels,SVA,60,45% NTSC,LED,,Chiclet Keyboard,Không,Không,,45 W,windows,13990000
asus,14.0,Ryzen 5,16,512,AMD Radeon Graphics,1.3,2000000,24,3.247,1217000,74,128,4,32.45 x 21.39 x 1.79 cm,Đen,AMD,7520U,2.8,4.0,8.0,LPDDR5,5500 MHz,Không,Có,LED-backlit,1920 x 1080 Pixels,IPS,60,45% NTSC,LED,1,Chiclet Keyboard,Không,Không,Lithium-ion,,windows,12990000
lenovo,15.6,Core i5,16,512,Intel Iris Xe Graphics,1.65,1800000,24,3.322,1225000,20,62,5,359.2 x 236.5 x 19.9 mm,Xám,Intel,1155G7,2.5,4.0,8.0,DDR4,3200 MHz,1,1,Anti - Glare,1920 x 1080 Pixels,IPS,60,,Màn hình phẳng,,Bàn phím cứng,Có,Không,Pin sạc,65 W,windows,13490000
hp,14.0,Core i5,16,512,Intel Iris Xe Graphics,1.41,3000000,12,4.747,1659000,33,40,4,"32,5 x 21,66 x 1,7 cm",Vàng,Intel,1235U,1.3,10.0,12.0,DDR4,3200 MHz,2,0,IPS,1920 x 1080 Pixels,IPS,60,,,,Chiclet Keyboard,Không,Không,,,windows,17990000
dell,15.6,Core i5,16,512,NVIDIA GeForce MX550 2GB,1.66,2000000,12,5.125,3021000,0,2,5,358 x 236 x 18 mm,Bạc,Intel,1335U,0.9,8.0,12.0,DDR4,2666 MHz,2,0,Anti-Glare LED-Backlit Display,FHD (1920 x 1080),WVA,120,45% NTSC,LED,2,English International Non-backlit Keyboard,Có,Không,Lithium polymer,65 W,windows,20490000
msi,15.6,Core i5,16,512,NVIDIA GeForce RTX 3050 4GB,1.86,1700000,12,4.622,1619000,0,0,5,359 x 254 x 21.7 mm,Đen,Intel,12450H,2.0,8.0,12.0,DDR4,3200 MHz,2,0,IPS,1920 x 1080 Pixels,IPS,144,45% NTSC,,2,Chiclet Keyboard,Có,LED,Lithium-ion,120 W,windows,18290000
asus,15.6,Ryzen 3,8,256,Intel UHD Graphics,1.8,2500000,24,2.212,1484000,20,54,5,36.03 x 23.25 x 1.79 cm,Bạc,AMD,7320U,2.4,4.0,8.0,LPDDR5,5500 MHz,2,1,Anti -glare LED-Backlit Display,1920 x 1080 Pixels,IPS,60,,,,Chiclet Keyboard,Không,Không,,42 W,windows,8990000
msi,15.0,Core i7,8,512,NVIDIA GeForce RTX 3050 4GB,1.86,2000000,12,4.722,1611000,197,76,5,359 * 245 * 21.7 mm,Đen,Intel,11800H,2.3,8.0,16.0,DDR4,3200 MHz,2,0,IPS,1920 x 1080 Pixels,IPS,144,45% NTSC,LED,2,Backlit Chiclet Keyboard,Không,LED,Lithium polymer,120 W,windows,18490000
lenovo,14.0,Core i5,16,512,Intel UHD Graphics,1.37,1500000,24,3.497,1241000,17,68,5,324.3 x 213.8 x 17.9 mm,Xám,Intel,12450H,2.0,8.0,12.0,DDR5,4800 MHz,0,2,Anti - Glare,1920 x 1080 Pixels,IPS,60,,Màn hình phẳng,,Bàn phím cứng,Không,Không,Pin sạc,65 W,windows,13990000
asus,15.6,Core i5,16,512,Intel UHD Graphics,1.7,2500000,24,4.497,1659000,67,96,4,35.68 x 22.76 x 1.99 ~ 1.99 cm,Bạc,Intel,13500H,2.6,4.0,8.0,DDR4,3200 MHz,1,Có,FHD,1920 x 1080 Pixels,IPS,60,100% DCI-P3,OLED,,Chiclet Keyboard,Có,Không,Lithium-ion,65 W,windows,18490000
asus,14.0,Core i3,8,256,Intel UHD Graphics,1.6,2000000,24,2.282,1417000,353,289,5,325.4 x 216.0 x 19.9 cm,Bạc,Intel,1115G4,3.0,2.0,4.0,DDR4,3200 MHz,Không,Có,Anti-glare LED-backlit,1920 x 1080 Pixels,TN,60,45% NTSC,LED,,Chiclet Keyboard,Không,Không,Lithium-ion,,windows,8990000
msi,15.6,Core i5,8,512,NVIDIA GeForce GTX 1650 4GB,1.86,2000000,12,3.625,1257000,124,140,5,359 x 254 x 21.7 mm,Đen,Intel,11400H,2.7,6.0,12.0,DDR4,3200 MHz,2,0,FHD,1920 x 1080 Pixels,IPS,144,45% NTSC,LED,2,Backlit Chiclet Keyboard,Không,LED,Lithium polymer,120 W,windows,14490000
dell,15.6,Core i5,8,256,Intel Iris Xe Graphics,1.9,3600000,12,3.732,1880000,42,71,4,235 x 358 x 189 mm,Đen,Intel,1235U,1.3,10.0,12.0,DDR4,2666 MHz,2,8,Anti - Glare,1920 x 1080 Pixels,WVA,120,45% NTSC,LED,2,English International Backlit Keyboard,Có,Không,Lithium-ion,65 W,windows,14990000
lenovo,15.6,Core i7,16,512,Intel Iris Xe Graphics,1.63,1300000,24,4.197,1402000,14,35,5,359.2 x 236.5 x 19.9 mm,Xám,Intel,1255U,1.7,10.0,12.0,DDR4,3200 MHz,1,1,IPS,1920 x 1080 Pixels,IPS,Hãng không công bố,45% NTSC,,2,"6-row, multimedia Fn keys, numeric keypad",Có,Không,Lithium polymer 3 viên,65 W,windows,15990000
asus,15.6,Ryzen 5,16,512,Intel Iris Xe Graphics,1.7,2300000,24,4.147,1498000,15,22,5,35.97 x 23.25 x 1.79 cm,Đen,AMD,7530U,4.3,,,,,1,1,OLED Màn hình chính:,1920 x 1080 Pixels Màn hình chính:,OLED,60  Màn hình chính:,,,,Chiclet Keyboard,Có (NumberPad),Không,,,windows,16690000
hp,14.0,Core i5,8,512,Intel Iris Xe Graphics,1.41,3400000,12,4.172,1554000,252,155,5,32.5 x 21.66 x 1.7 cm,Bạc,Intel,1235U,33.0,10.0,12.0,DDR4,3200 MHz,8,0,LED Backlit,1920 x 1080 Pixels,IPS,60,45% NTSC,LED,,"6-row, multimedia Fn keys, numeric keypad",Không,Không,,,windows,16290000
dell,15.6,Core i7,16,512,NVIDIA GeForce MX550 2GB,1.65,3500000,12,5.897,2181000,14,20,4,"358,50 x 234,90 x 17,50",Bạc,Intel,1355U,1.2,10.0,12.0,DDR4,3200 MHz,2,0,Anti-Glare LED-Backlit Display,1920 x 1080 Pixels,WVA,120,45% NTSC,LED,2,English International Backlit Keyboard,Không,LED,Lithium-ion,65 W,windows,23490000
asus,14.0,Core i5,8,512,Intel UHD Graphics,1.6,4500000,24,4.122,1578000,36,73,5,31.71 x 22.20 x 1.99 ~ 1.99 mm,Đen,Intel,13500H,3.5,12.0,16.0,DDR4,3200 MHz,1,Có,OLED,2880 x 1800 Pixels,IPS,90,100% DCI-P3,OLED,2,Chiclet Keyboard,Không,LED,,,windows,15990000
hp,14.0,Ryzen 3,8,256,AMD Radeon Graphics,1.4,2300000,12,2.16,1471000,32,51,4,32.37 x 21.5 x 1.79 cm,Bạc,AMD,7320U,2.4,4.0,8.0,LPDDR5,6400 MHz,1,Có,Anti-Glare,1920 x 1080 Pixels,SVA,60,,,,Chiclet Keyboard,Không,Không,,,windows,9390000
acer,15.6,Core i3,8,256,Intel UHD Graphics,1.7,1300000,12,2.247,1350000,14,23,4,50.5 x 7.0 x 31.5  (L x W x H) mm cm,Bạc,Intel,1215U,4.4,6.0,8.0,DDR4,3200 MHz,2,0,Acer ComfyView LED-backlit,1920 x 1080 Pixels,VA,60,,,,"6-row, multimedia Fn keys",Có,Không,,,windows,8690000
acer,14.0,Ryzen 5,16,512,AMD Radeon Graphics,1.19,6000000,12,3.872,1377000,141,436,5,322.8 x 212.2 x 15.9 mm,Bạc,AMD,5500U,2.1,6.0,12.0,LPDDR4X,4266 MHz,Không,Có,Acer ComfyView LED-backlit,1920 x 1080 Pixels,IPS,60,,LED,1,"6-row, multimedia Fn keys, numeric keypad",Không,LED,Lithium-ion,130 W,windows,14990000
hp,14.0,Ryzen 5,8,256,AMD Radeon Graphics,1.47,2600000,12,2.6,1064000,81,55,5,32.4 x 22.59 x 1.99 cm,Bạc,AMD,5625U,2.3,6.0,12.0,DDR4,3200 MHz,2,0,LCD,1920 x 1080 Pixels,IPS,60,45% NTSC,LED,2,Chiclet Keyboard,Không,Không,,45 W,windows,10490000
asus,15.6,Core i5,8,512,NVIDIA GeForce RTX 3050 4GB,2.3,4000000,24,4.622,1739000,158,232,5,359.0 x 256.0 x 22.8 mm,Đen,Intel,11400H,2.7,6.0,12.0,DDR4,3200 MHz,8,0,Anti-glare LED-backlit,1920 x 1080 Pixels,IPS,144,62% sRGB,LED,2,Backlit Chiclet Keyboard,Có,LED,Lithium-ion 3 viên,,windows,17990000
hp,14.0,Ryzen 5,8,512,AMD Radeon Graphics,1.4,1400000,12,3.422,1152000,28,48,5,32.37 x 21.5 x 1.79 cm,Bạc,AMD,7520U,2.8,4.0,8.0,LPDDR5,5500 MHz,0,1,FHD,1920 x 1080 Pixels,SVA,60,45% NTSC,,,Chiclet Keyboard,Không,Không,,45 W,windows,12790000
msi,14.0,Ryzen 7,8,512,AMD Radeon Graphics,1.4,1500000,24,3.372,1176000,18,11,5,319.9 x 223 x 19.35 mm,Đen,AMD,7730U,2.0,8.0,16.0,DDR4,3200 MHz,0,1,FHD,1920 x 1080 Pixels,IPS,60,45% NTSC,LED,2,"6-row, multimedia Fn keys, numeric keypad",Có,LED,,,windows,12990000
acer,15.6,Core i5,8,512,NVIDIA GeForce RTX 3050 4GB,2.5,6500000,12,4.997,1860000,16,65,4,363.4 x 255 x 23.9 mm,Đen,Intel,11400H,2.7,6.0,12.0,DDR4,3200 MHz,2,0,Acer ComfyView Anti-glare LED-backlit Màn hình chính:,1920 x 1080 Pixels Màn hình chính:,IPS,144,,LED,2,Bàn phím cứng,Có (NumberPad),LED,Lithium-ion 4 viên,,windows,19490000
asus,15.6,Ryzen 7,8,512,NVIDIA GeForce RTX 4050 6GB GDDR6,2.2,4500000,24,6.372,2302000,0,0,0,35.4 x 25.1 x 2.24 ~ 2.49 cm,Xám,AMD,7735HS,3.2,8.0,16.0,DDR5,4800 MHz,2,0,IPS FHD,1920 x 1080 Pixels,IPS,144,,,2,Backlit Chiclet Keyboard,Có,LED,Lithium-ion,,windows,24990000
acer,15.6,Core i5,8,512,NVIDIA GeForce RTX 3050 4GB,2.5,6000000,12,5.747,2141000,50,548,4,360.4 x 271.09 x 25.9 mm,Đen,Intel,12500H,3.3,12.0,16.0,DDR4,3200 MHz,2,0,Acer ComfyView LED-backlit,1920 x 1080 Pixels,IPS,144,45% NTSC,LED,2,Backlit Chiclet Keyboard,Có,LED,Lithium-ion,57.5 W,windows,21990000
hp,15.6,Core i5,16,512,Intel UHD Graphics,1.68,1700000,12,4.947,1723000,14,19,5,36.02 x 23.4 x 1.8 (W x D x H) cm,Bạc,Intel,1335U,3.4,,,DDR4,3200 MHz,2,0,LCD,FHD (1920 x 1080),IPS,Hãng không công bố,,,,English International Non-backlit Keyboard,Có,Không,,,windows,19590000
lenovo,14.0,Core i5,16,512,Intel Iris Xe Graphics,1.46,1500000,36,5.122,1659000,0,14,5,312 x 221 x 16.9 mm,Xám,Intel,13500H,3.5,12.0,16.0,DDR5,5200 MHz,0,2,OLED,1920 x 1200 Pixels,OLED,60,100% DCI-P3,,,English International Backlit Keyboard,Không,Không,,65 W,windows,18990000
hp,15.6,Core i3,8,256,Intel UHD Graphics,1.7,3500000,12,2.302,951000000,39,105,5,35.85 x 24.2 x 1.79 cm,Bạc,Intel,1115G4,17.0,2.0,4.0,DDR4,3200 MHz,8,0,Anti-Glare,1920 x 1080 Pixels,IPS,60,,LED,,"6-row, multimedia Fn keys, numeric keypad",Có,Không,,,windows,9190000
hp,15.0,Core i5,8,512,Intel UHD Graphics,1.72,3400000,12,3.975,1562000,39,75,4,36.02 x 23.4 x 1.79 (W x D x H) cm,Bạc,Intel,1240P,1.7,,,DDR4,3200 MHz,2,0,IPS FHD,1920 x 1080 Pixels,IPS,60,,,,English International Backlit Keyboard,Có,Không,,,windows,16390000
hp,15.6,Core i7,16,512,Intel UHD Graphics,1.68,2000000,12,5.897,2045000,15,17,5,36.02 x 23.4 x 1.8 (W x D x H) cm,Bạc,Intel,1335U,3.7,,,DDR4,3200 MHz,2,0,LCD,FHD (1920 x 1080),IPS,Hãng không công bố,,,,English International Non-backlit Keyboard,Có,Không,,,windows,23290000
huawei,15.6,Ryzen 7,8,512,AMD Radeon Graphics,1.53,1200000,12,3.247,1136000,17,24,4,357.8 × 16.9× 229.9 mm,Bạc,AMD,5700U,1.8,8.0,16.0,DDR4,,0,1,IPS Truelife LED-Backlit Narrow,"1920 x 1080 Pixelss, 60Hz, Anti-Glare with 45% NTSC",IPS,60,45% NTSC,,2,English International Backlit Keyboard,Không,Không,,65 W,windows,12790000
hp,15.6,Core i3,8,256,Intel UHD Graphics,1.7,3500000,12,2.302,951000000,25,83,5,35.85 x 24.2 x 1.79 cm,Vàng,Intel,1115G4,17.0,2.0,4.0,DDR4,3200 MHz,8,0,Anti-Glare,1920 x 1080 Pixels,IPS,60,,LED,,"6-row, multimedia Fn keys, numeric keypad",Có,Không,,,windows,9190000
msi,14.0,Ryzen 5,8,512,AMD Radeon Graphics,1.4,1000000,24,2.747,1618000,0,22,0,319.9 x 223 x 19.35 mm,Đen,AMD,7530U,2.0,6.0,12.0,DDR4,3200 MHz,0,1,FHD,1920 x 1080 Pixels,IPS,60,45% NTSC,LED,2,"6-row, multimedia Fn keys, numeric keypad",Có,LED,,65 W,windows,10990000
acer,15.6,Ryzen 5,16,512,NVIDIA GeForce RTX 3050 4GB,2.1,2000000,12,4.497,1538000,15,56,5,36.34 x 25.45 x 2.29  (W x D x H) cm,Đen,AMD,5625U,2.3,6.0,12.0,DDR4,3200 MHz,2,0,Acer ComfyView LED-backlit,1920 x 1080 Pixels,IPS,144,,,,"6-row, multimedia Fn keys",Có,LED,,,windows,17490000
msi,15.6,Ryzen 7,8,512,AMD Radeon Graphics,1.4,2000000,24,2.9,1168000,30,44,4,359 * 241 * 19.9 mm,Đen,AMD,7730U,2.0,6.0,12.0,DDR4,3200 MHz,Không,Có,FHD,1920 x 1080 Pixels,IPS,60,45% NTSC,LED,2,"6-row, multimedia Fn keys, numeric keypad",Có,LED,,65 W,windows,12990000
hp,15.6,Core i7,16,512,Intel UHD Graphics,1.59,1600000,12,5.622,1820000,13,18,5,35.98 x 23.6 x 1.86 cm,Bạc,Intel,1355U,1.7,,,,,2,0,LCD,1920 x 1080 Pixels,SVA,60,,,,Chiclet Keyboard,Có,Không,,,windows,20890000
acer,15.6,Core i5,16,512,NVIDIA GeForce RTX 3050 4GB,2.1,2000000,12,5.247,1779000,0,0,5,36.23 x 23.74 x 1.99  (W x D x H) cm,Đen,Intel,12450H,3.3,8.0,12.0,DDR4,3200 MHz,2,0,Acer ComfyView LED-backlit,1920 x 1080 Pixels,IPS,144  Màn hình chính:,,,,"6-row, multimedia Fn keys",Có,LED,Lithium-ion 3 viên,,windows,19990000
acer,15.6,Core i5,8,512,NVIDIA GeForce GTX 1650 4GB,2.2,5000000,12,4.497,1739000,60,902,4,363.4 x 255 x 23.9 mm,Đen,Intel,11400H,2.7,6.0,12.0,DDR4,3200 MHz,2,0,Acer ComfyView LED-backlit,1920 x 1080 Pixels,IPS,144,45% NTSC,LED,2,Backlit Chiclet Keyboard,Có,LED,Lithium-ion,57.5 W,windows,17490000
hp,15.6,Core i5,16,512,Intel UHD Graphics,1.36,1600000,12,4.897,1587000,3,1,5,32.4 x 21.5 x 1.79 cm,Bạc,Intel,1335U,1.3,,,DDR4,,2,0,LCD,1920 x 1080 Pixels,SVA,60,,,,Chiclet Keyboard,Có,Không,,,windows,17990000
lg,16.0,Core i7,16,512,Intel Iris Plus Graphics,2.0,3000000,12,11.747,3789000,2,5,5,40.6 cm,Xám,Intel,1360P,1.9,,,DDR5,6000 MHz,0,1,OLED,2560 x 1600 Pixels,OLED,120,,,,Bàn phím cứng,Có,LED,,,windows,43990000
lg,16.0,Core i7,16,512,NVIDIA GeForce RTX 3050 4GB,1.299,5100000,24,11.747,4030999,2,6,4,35.51 x 24.23 x 1.68 cm,Đen,Intel,1360P,3.7,,,LPDDR5,6000 MHz,0,2,Anti - Glare,2560 x 1600 Pixels,IPS,60,,,,Backlit Chiclet Keyboard,Có,LED,,,windows,44890000
msi,16.0,Core i7,16,512,NVIDIA GeForce RTX 4050 6GB GDDR6,2.26,2700000,24,9.347,3213000,2,6,4,359 x 259 x 23.95 mm,Đen,Intel,13700H,2.4,14.0,20.0,DDR5,5200 MHz,2,1,IPS,1920 x 1200 Pixels,IPS,144,,,4,Backlit Chiclet Keyboard,Có,LED,,200 W,windows,37290000
macbook,16.2,M2 Max,32,1,Apple M2 Max,2.16,7300000,12,21.235,10678000,18,17,5,35.57 x 24.81 x 1.68 cm,Xám,Apple,12-Core,,12.0,,Hãng không công bố,Hãng không công bố MHz,Không,Có,Retina,3456 x 2234 Pixels,OLED,120,,LED,6,English International Backlit Keyboard,Không,LED,Lithium polymer,140 W,macos,85690000
macbook,16.2,M2 Pro,32,512,Apple M2 Pro,2.15,0,12,0.0,10328000,0,0,0,35.57 x 24.81 x 1.68 cm,Xám,Apple,12-Core,,12.0,,Hãng không công bố,Hãng không công bố MHz,Không,Có,Retina,3456 x 2234 Pixels,OLED,120,,LED,6,English International Backlit Keyboard,Không,LED,Lithium polymer,140 W,macos,76990000
macbook,14.2,M2 Max,32,1,Apple M2 Max,1.63,6300000,12,18.735,10983000,44,0,5,31.26 x 22.12 x 1.55 cm,Xám,Apple,12-Core,,12.0,,,,Không,Có,Retina,3024 x 1964 Pixels,OLED,120,,LED,6,English International Backlit Keyboard,Không,LED,Lithium polymer,96 W,macos,75690000
macbook,16.2,M2 Pro,16,1,Apple M2 Pro,2.15,6000000,12,17.485,9524000,2,38,5,35.57 x 24.81 x 1.68 cm,Xám,Apple,12-Core,,12.0,,Hãng không công bố,Hãng không công bố MHz,Không,Có,Retina,3456 x 2234 Pixels,OLED,120,,LED,6,English International Backlit Keyboard,Không,LED,Lithium polymer,140 W,macos,64990000
msi,16.0,Core i7,32,2,NVIDIA Geforce RTX 4070 8GB GDDR6,2.7,6000000,24,15.672,5397000,0,0,5,357 * 284 * 22.2 mm,Đen,Intel,13700HX,2.1,16.0,24.0,DDR5,5600 MHz,2,0,IPS,2560 x 1600 Pixels,IPS,240,100% DCI-P3,LED,4,Backlit Chiclet Keyboard,Có,LED,Lithium polymer,,windows,60990000
macbook,14.2,M2,32,512,Apple M2 Pro,1.6,5500000,12,13.97,8586000,0,7,5,31.26 x 22.12 x 1.55 cm,Xám,Apple,10-Core,,10.0,,Hãng không công bố,Hãng không công bố MHz,Không,Có,Retina,3024 x 1964 Pixels,OLED,120,,LED,6,English International Backlit Keyboard,Không,LED,Lithium polymer,67 W,macos,58490000
msi,16.0,Core i7,16,2,NVIDIA GeForce RTX 4060 8GB GDDR6,2.7,11000000,24,13.497,4722000,0,0,0,357*284*22.2 mm,Đen,Intel,13700HX,2.1,16.0,24.0,DDR5,5600 MHz,2,0,IPS,2560 x 1600 Pixels,IPS,240,100% NTSC,LED,4,Backlit Chiclet Keyboard,Có,LED,Lithium polymer,,windows,51990000
macbook,14.2,M1 Pro,16,1,Apple M1 Pro,1.604,10000000,12,12.747,8050000,97,493,5,,Xám,Apple,,,10.0,16.0,,,Không,Có,,3024 x 1964 Pixels,,,96% sRGB,LED,6,English International Backlit Keyboard,Không,LED,Lithium polymer,,macos,49990000
asus,15.6,Core i9,32,2,NVIDIA GeForce RTX 3080 8GB,2.3,30000000,24,12.997,5237000,87,32,5,35.4 x 25.9 x 2.26 cm,Đen,Intel,12900H,2.5,14.0,,DDR5,4800 MHz,2,0,Anti - Glare,2560 x 1440 Pixels,IPS,240,100% DCI-P3,Màn hình phẳng,4,Backlit Chiclet Keyboard,Có (NumberPad),LED,Lithium-ion 4 viên,280 W,windows,49990000
msi,17.3,Core i7,16,512,NVIDIA Geforce RTX 4070 8GB GDDR6,2.8,5000000,24,12.222,4272000,0,1,5,397 * 284 * 25.9 mm,Đen,Intel,13700H,2.4,14.0,20.0,DDR5,5200 MHz,2,0,IPS FHD,2560 x 1440 Pixels,IPS,240,100% NTSC,LED,2,Backlit Chiclet Keyboard,Có,LED,Lithium polymer,240 W,windows,47990000
macbook,13.3,M2,16,512,Apple M2,1.4,3000000,12,9.585,6166000,113,189,5,304.1 x 212.4 x 15.6 mm,Xám,Apple,8 - Core,2.4,,,LPDDR4,3200 MHz,Không,Có,Retina,2560 x 1600 Pixels,,,,LED,2,English International Backlit Keyboard,Không,LED,Lithium polymer,67 W,macos,39990000
dell,15.6,Core i7,16,512,NVIDIA GeForce RTX 4060 8GB GDDR6,2.65,3000000,12,10.747,3468000,4,8,4,357.26 x 274.52 x Height: (Front: 21.28 ; Rear: 26.15 ) mm,Xám,Intel,13650HX,1.9,14.0,20.0,DDR5,4800 MHz,2,0,WVA Anti-glare LED Backlit Narrow Border,1920 x 1080 Pixels,WVA,165,100% sRGB,,,"6-row, multimedia Fn keys, numeric keypad",Có,LED,Lithium-ion,,windows,39990000
asus,16.0,Core i7,16,512,NVIDIA GeForce RTX 4050 6GB GDDR6,2.0,5500000,24,11.247,3508000,0,0,5,35.5 x 24.3 x 2.05 ~ 2.29 cm,Xám,Intel,13620H,2.4,6.0,4.0,DDR4,3200 MHz,1,1,Anti - Glare,1920 x 1200 Pixels,IPS,165,100% sRGB,Màn hình phẳng,,Backlit Chiclet Keyboard,Không,LED,Lithium-ion 4 viên,240 W,windows,39490000
asus,14.0,Ryzen 7,16,512,NVIDIA GeForce RTX 3050 4GB,1.72,5000000,24,9.622,3387000,0,3,5,31.2 x 22.7 x 1.95 ~ 2.05 cm,Xám,AMD,7735HS,3.2,8.0,16.0,DDR5,4800 MHz,1,1,Anti - Glare,1920 x 1200 Pixels,IPS,144,100% sRGB,Màn hình phẳng,,Backlit Chiclet Keyboard,Không,LED,Lithium-ion,200 W,windows,37990000
macbook,15.3,M2,8,512,Apple M2,1.51,0,12,0.0,3045000,0,0,5,23.76 x 34.04 x 1.15 cm,Xanh dương,Apple,8 - Core,,,,Hãng không công bố,Hãng không công bố MHz,0,1,Liquid Retina,2960 x 1848 Pixels,OLED,60,,LED,6,English International Backlit Keyboard,Không,LED,Lithium polymer,70 W,macos,37890000
asus,16.0,Core i7,16,512,NVIDIA GeForce RTX 4050 6GB GDDR6,3.82,6500000,24,9.372,3428000,13,19,5,35.4 x 26.4 x 2.26 ~ 3.04 cm,Xám,Intel,13650HX,2.6,14.0,20.0,DDR5,4800 MHz,2,0,Anti-Glare,1920 x 1200 Pixels,IPS,165,100% sRGB,LED,,Backlit Chiclet Keyboard,Không,LED,,,windows,37490000
acer,16.0,Ryzen 7,16,1,AMD Radeon Graphics,1.1,3000000,12,9.997,3133000,13,14,5,356.7 (W) x 242.3 (D) x 12.95/13.95 (H) mm,Xanh,AMD,6800H,2.7,8.0,16.0,LPDDR5,6400 MHz,0,1,Acer CineCrystalTM LED-backlit TFT LCD Chính:,3840 x 2400 Pixels Màn hình chính:,OLED,60  Màn hình chính:,,OLED,,Bàn phím cứng,Có (NumberPad),LED,Lithium-ion 3 viên,,windows,36990000
macbook,15.3,M2,16,256,Apple M2,1.51,1400000,12,9.055,3045000,13,35,5,23.76 x 34.04 x 1.15 cm,Xám,Apple,8 - Core,,,,Hãng không công bố,Hãng không công bố MHz,0,1,Liquid Retina,2880 x 1864 Pixels,OLED,60,,LED,6,English International Backlit Keyboard,Không,LED,Lithium polymer,35 W,macos,36490000
lg,14.0,Core i7,16,512,Intel Iris Xe Graphics,1.0,4300000,12,8.672,3133000,0,0,5,35.5 cm,Đen,Intel,1360P,2.2,,,,,0,1,IPS,1920 x 1200 Pixels,IPS,60,,,,Bàn phím cứng,Không,LED,,,windows,34690000
lg,14.0,Core i5,16,512,Intel Iris Plus Graphics,1.5,4300000,12,8.672,3133000,0,8,4,"35,5 cm",Trắng,Intel,1340P,1.9,,,DDR5,6000 MHz,0,1,OLED,2880 x 1800 Pixels,OLED,90,,,,Bàn phím cứng,Không,LED,Pin sạc,,windows,34690000
lg,14.0,Core i5,16,512,Intel Iris Plus Graphics,1.25,4000000,24,8.872,3053000,0,2,0,31.4 x 21.95 x 1.68 cm,Đen,Intel,1340P,4.6,,,LPDDR5,5200 MHz,0,2,Anti - Glare,1920 x 1200 Pixels,IPS,60,,,,Backlit Chiclet Keyboard,Có,LED,,,windows,33990000
asus,15.6,Core i9,16,512,,1.8,8000000,24,10.497,3307000,0,0,5,35.63 x 23.53 x 1.99 mm,Bạc,Intel,13900H,2.6,,,DDR5,,1,1,OLED,2880 x 1620 Pixels,OLED,120,,,,Backlit Chiclet Keyboard,Có,LED,,,windows,33990000
lenovo,15.6,Ryzen 7,16,512,NVIDIA GeForce RTX 3060 6GB,2.49,12500000,36,8.497,3588000,13,27,5,359.9 x 262.4 x 19.9 mm,Trắng,AMD,6800H,3.2,8.0,16.0,DDR5,4800 MHz,2,0,"IPS LCD LED Backlit, True Tone",2560 x 1600 Pixels,IPS,165,100% sRGB,LED,2,"6-row, multimedia Fn keys, numeric keypad",Có,LED,,230 W,windows,33990000
macbook,13.6,M2,16,256,Apple M2,1.24,3000000,12,7.82,2813000,30,86,5,30.41 x 21.5 x 1.13 cm,Đen,Apple,8 - Core,2.3,,,LPDDR4,3200 MHz,Không,Có,Retina,2560 x 1644 Pixels,IPS,60,,LED,4,English International Backlit Keyboard,Không,LED,Lithium polymer,30 W,macos,31990000
macbook,15.0,M2,8,256,Apple M2,1.51,900000,12,7.782,2645000,14,39,5,23.76 x 34.04 x 1.15 cm,Xanh dương,Apple,8 - Core,,,,Hãng không công bố,Hãng không công bố MHz,0,1,Liquid Retina,2880 x 1800 Pixels,OLED,60,,LED,6,English International Backlit Keyboard,Không,LED,Lithium polymer,35 W,macos,31990000
msi,15.6,Core i7,16,1,NVIDIA GeForce RTX 4060 8GB GDDR6,2.25,5300000,24,8.047,2909000,26,37,4,359 x 259 x 24.9 mm,Đen,Intel,13620H,,10.0,16.0,DDR5,5200 MHz,2,0,IPS,1920 x 1080 Pixels,IPS,144,60 - 65% sRGB,Màn hình phẳng,2,English International Backlit Keyboard,Có,LED,,200 W,windows,31690000
msi,13.3,Core i7,16,1,Intel Iris Xe Graphics,0.99,2500000,24,7.872,2733000,0,0,5,299 x 210 x 16.9 mm,Xám,Intel,1360P,2.7,12.0,16.0,LPDDR5,4800 MHz,0,1,IPS,1920 x 1200 Pixels,IPS,144,,,4,Backlit Chiclet Keyboard,Có,LED,,65 W,windows,31490000
asus,15.6,Core i5,16,512,,1.8,7000000,24,9.497,2973000,0,0,0,35.63 x 23.53 x 1.99 cm,Bạc,Intel,13500H,2.6,,,DDR5,,1,1,OLED,2880 x 1620 Pixels,OLED,120,,,,Backlit Chiclet Keyboard,Có,Không,,,windows,30990000
macbook,13.3,M2,8,256,Apple M2,1.4,1500000,12,7.597,2573000,733,134,5,304.1 x 212.4 x 15.6 mm,Bạc,Apple,8 - Core,2.4,,,LPDDR4,3200 MHz,Không,Có,Retina,2560 x 1600 Pixels,OLED,Hãng không công bố,,LED,2,English International Backlit Keyboard,Không,LED,Lithium polymer,67 W,macos,30490000
asus,14.0,Core i7,16,512,Intel UHD Graphics,1.5,3500000,24,7.622,2733000,0,0,5,31.15 x 22.34 x 1.59 cm,Xanh,Intel,1360P,2.2,12.0,16.0,DDR5,4800 MHz,0,1,OLED Màn hình chính:,2880 x 1800 Pixels Màn hình chính:,IPS,90,,OLED,2,Backlit Chiclet Keyboard,Không,LED,Lithium-ion,,windows,30490000
asus,15.6,Core i7,16,512,NVIDIA GeForce RTX 4060 8GB GDDR6,2.2,5000000,24,7.622,2813000,0,1,5,35.4 x 25.1 x 2.24 cm,Xám,Intel,12700H,2.3,,,,,2,0,Anti-Glare Chính:,1920 x 1080 Pixels Màn hình chính:,IPS,144,,,,Backlit Chiclet Keyboard,Có (NumberPad),LED,,,windows,30490000
msi,15.6,Core i7,8,512,NVIDIA GeForce RTX 4050 6GB GDDR6,2.29,3000000,24,7.522,2653000,13,19,4,359 x 259 x 24.9 mm,Đen,Intel,13620H,,10.0,16.0,DDR5,5200 MHz,2,0,IPS FHD,1920 x 1080 Pixels,IPS,144,45% NTSC,LED,2,Backlit Chiclet Keyboard,Có,LED,Lithium polymer,200 W,windows,29990000
asus,15.6,Core i7,8,512,NVIDIA GeForce RTX 4060 8GB GDDR6,2.2,5000000,24,7.497,2733000,15,34,5,35.4 x 25.1 x 2.24 ~ 2.49 cm,Xám,Intel,12700H,2.3,,,DDR4,3200 MHz,2,1,IPS,1920 x 1080 Pixels,IPS,144,,,,Backlit Chiclet Keyboard,Có,LED,Lithium-ion,240 W,windows,29490000
microsoft,13.0,Core i5,8,256,Intel UHD Graphics,0.879,1700000,1,7.447,2493000,0,6,0,287 mm,Bạc,Intel,1235U,3.3,10.0,12.0,DDR5,4800 MHz,0,1,IPS Chính:,2880 x 1920 Pixels,IPS,120,,LED,,Gắn rời,Không,Không,,,windows,29290000
macbook,13.3,M1,16,256,Apple M1,1.29,1000000,12,7.122,2413000,205,332,5,304.1 x 212.4 x 4.1 ~ 16.1 mm,Bạc,Apple,,,8.0,8.0,LPDDR4,,Không,Có,"IPS LCD LED Backlit, True Tone",2560 x 1600 Pixels,IPS,,96% sRGB,LED,2,English International Backlit Keyboard,Không,LED,Lithium polymer,,macos,28990000
asus,14.0,Core i7,16,512,,1.39,3500000,24,6.872,2533000,0,0,0,31.36 x 22.06 x 1.69 cm,Xanh,Intel,1360P,2.2,,,DDR5,,0,2,OLED,2880 x 1800 Pixels,OLED,90,,OLED,,Backlit Chiclet Keyboard,Không,Không,,,windows,28490000
asus,15.6,Core i7,16,512,NVIDIA GeForce RTX 4050 6GB GDDR6,2.2,4500000,24,7.247,2573000,0,0,5,35.4 x 25.1 x 2.24 cm,Xám,Intel,12700H,2.3,14.0,20.0,DDR4,,2,0,Anti-Glare LED-Backlit Display,1920 x 1080 Pixels,IPS,144,100% sRGB,Màn hình phẳng,,Backlit Chiclet Keyboard,Có,Đang cập nhật,Lithium-ion,240 W,windows,28490000
dell,14.0,Core i7,16,512,,1.62,1500000,12,7.122,3958000,0,0,5,314 x 226.56 x 15.54~17.47 mm,Bạc,Intel,1355U,1.2,,12.0,LPDDR5,4800 MHz,0,16,Wide-Viewing Angle (WVA),1920 x 1200 Pixels,WVA,60,45% NTSC,,,Backlit Chiclet Keyboard,Không,Trắng,,,windows,27990000
asus,15.6,Ryzen 7,8,512,NVIDIA GeForce RTX 4060 8GB GDDR6,2.2,6000000,24,7.097,2693000,16,36,5,35.4 x 25.1 x 2.24 ~ 2.49 cm,Xám,AMD,7735HS,3.2,8.0,16.0,DDR5,4800 MHz,2,0,FHD,1920 x 1080 Pixels,IPS,144,100% sRGB,Màn hình phẳng,,Backlit Chiclet Keyboard,Có,LED,Lithium-ion,240 W,windows,27990000
asus,14.0,Core i9,16,512,NVIDIA GeForce RTX 3050 4GB,1.4,6000000,24,7.247,2653000,28,41,5,31.71 x 22.25 x 1.89 ~ 1.89 cm,Bạc,Intel,13900H,2.6,14.0,20.0,DDR4,3200 MHz,2,Có,OLED,2880 x 1800 Pixels,IPS,90,,OLED,,Backlit Chiclet Keyboard,Không,LED,,,windows,27990000
lenovo,15.6,Ryzen 5,16,512,NVIDIA GeForce RTX 3050 Ti 4GB,2.4,5000000,36,6.997,2653000,13,41,5,358.8 x 262.35 x 19.99 mm,Xám,AMD,6600H,3.3,6.0,12.0,DDR5,4800 MHz,1,1,Anti-glare WLED-backlit,1920 x 1080 Pixels,IPS,165,100% sRGB,,2,Backlit Chiclet Keyboard,Có,LED,,230 W,windows,27990000
gigabyte,15.6,Core i5,8,512,NVIDIA GeForce RTX 4050 6GB GDDR6,2.25,2000000,24,7.247,2423000,0,4,5,360 x 272 x 20.9 mm,Đen,Intel,12500H,2.5,12.0,16.0,DDR5,4800 MHz,2,0,Anti-Glare,1920 x 1080 Pixels,IPS,360,100% sRGB,Màn hình phẳng,2,English International Backlit Keyboard,Không,LED,Lithium polymer,240 W,windows,27990000
lenovo,15.6,Core i5,16,512,NVIDIA GeForce RTX 3050 4GB,2.35,4000000,36,7.997,2541000,13,30,5,358.8 x 262.35 x 19.99 mm,Xám,Intel,12500H,2.5,12.0,16.0,DDR5,4800 MHz,2,0,"IPS LCD LED Backlit, True Tone",1920 x 1080 Pixels,IPS,165,100% sRGB,LED,2,"6-row, multimedia Fn keys, numeric keypad",Có,LED,,230 W,windows,27990000
asus,15.6,Core i7,8,512,NVIDIA GeForce RTX 4050 6GB GDDR6,2.2,4000000,24,8.747,2333000,15,17,5,35.4 x 25.1 x 2.24 ~ 2.49 cm,Xám,Intel,12700H,2.3,14.0,20.0,DDR4,3200 MHz,2,0,FHD Chính:,1920 x 1080 Pixels Màn hình chính:,IPS,144  Màn hình chính:,100% sRGB,Màn hình phẳng,,Chiclet Keyboard,Có,LED,Lithium-ion 4 viên,240 W,windows,27990000
asus,15.6,Ryzen 7,16,512,NVIDIA GeForce RTX 4050 6GB GDDR6,2.2,3500000,24,0.0,2453000,0,0,0,35.4 x 25.1 x 2.24 ~ 2.49 cm,Xám,AMD,7735HS,4.7,,,DDR5,,2,0,FHD,FHD (1920 x 1080),IPS,144,100% sRGB,Màn hình phẳng,,Backlit Chiclet Keyboard,Có,LED,,240 W,không,26990000
macbook,13.6,M2,8,256,Apple M2,1.24,3000000,12,6.747,2413000,168,212,5,30.41 x 21.5 x 1.13 cm,Đen,Apple,8 - Core,2.3,,,LPDDR4,3200 MHz,Không,Có,Retina,2560 x 1644 Pixels,IPS,60,,LED,4,English International Backlit Keyboard,Không,LED,Lithium polymer,30 W,macos,26990000
acer,14.0,Core i7,16,1,Intel Iris Xe Graphics,1.2,4000000,12,6.622,2413000,0,0,5,321 (W) x 210.8 (D) x 15.9 (H) mm,Vàng,Intel,1260P,3.3,12.0,16.0,LPDDR4,,0,1,Acer ComfyView LED-backlit Chính:,2560 x 1440 Pixels Màn hình chính:,IPS,60  Màn hình chính:,,,,Bàn phím cứng,Không,LED,Lithium-ion,,windows,26490000
acer,15.6,Core i5,8,512,NVIDIA GeForce RTX 4050 6GB GDDR6,2.5,2000000,12,6.747,2181000,12,20,5,360.4x271.09x25.9 mm,Đen,Intel,12450H,3.3,,,DDR5,,2,0,Acer ComfyView Anti-glare LED-backlit,1920 x 1080 Pixels,IPS,144,45% NTSC,,,English International Backlit Keyboard,Có,LED,,,windows,25990000
lg,14.0,Core i5,16,256,Intel Iris Xe Graphics,0.999,6500000,24,7.622,2613000,0,1,5,"312 x 213,9 x 16,8 mm",Xám,Intel,1340P,,12.0,16.0,,,0,2,Anti-Glare,1920 x 1200 Pixels,IPS,Hãng không công bố,99% DCI-P3,LED,2,Backlit Chiclet Keyboard,Không,LED,,,windows,25990000
asus,14.0,Core i7,16,512,Intel Iris Xe Graphics,1.39,5000000,24,6.672,2413000,122,111,5,313.6 x 220.6 x 16.9 mm,Xanh,Intel,1260P,2.1,12.0,16.0,DDR5,4800 MHz,Không,Có,OLED,2880 x 1800 Pixels,IPS,90,100% DCI-P3,LED,2,Backlit Chiclet Keyboard,Không,LED,Lithium-ion 4 viên,65 W,windows,25990000
asus,14.0,Core i5,16,512,Intel Iris Xe Graphics,1.5,4000000,24,6.622,2382000,27,31,5,31.15 x 22.34 x 1.59 ~ 1.59 mm,Xanh,Intel,1340P,4.6,12.0,16.0,LPDDR5,5500 MHz,Không,Có,OLED Chính:,2880 x 1800 Pixels,IPS,90,100% DCI-P3,OLED,2,Backlit Chiclet Keyboard,Không,LED,Lithium-ion,,windows,25990000
hp,16.0,Ryzen 5,16,512,NVIDIA GeForce RTX 3050 6GB,2.31,1500000,12,6.847,2214000,13,16,5,36.9 x 25.94 x 2.29 cm,Đen,AMD,7640HS,4.3,,,,,2,0,Anti-glare LED UWVA,1920 x 1080 Pixels,WVA,60,,LCD,,Chiclet Keyboard,Có,Không,,,windows,25890000
gigabyte,15.0,Core i5,16,512,NVIDIA GeForce RTX 4060 8GB GDDR6,1.9,800000,24,6.622,2141000,0,0,0,360 x 238 x 22.7 mm,Đen,Intel,12500H,2.5,12.0,16.0,DDR4,3200 MHz,2,0,FHD,1920 x 1080 Pixels,IPS,144,45% NTSC,LCD,2,English International Backlit Keyboard,Có,LED,Lithium-ion,,windows,25690000
lenovo,16.0,Core i7,16,512,Intel Iris Xe Graphics,1.97,1300000,24,6.297,2157000,13,17,5,356.1 x 247.7 x 19.85,Đen,Intel,1355U,1.7,10.0,12.0,DDR4,3200 MHz,1,1,Anti - Glare,1920 x 1200 Pixels,IPS,60,,,,English International Backlit Keyboard,Không,Không,,,windows,25390000
dell,14.0,Core i7,16,1,,1.58,1700000,12,6.372,2181000,0,5,5,31.40 x 22.66 x 1.85 cm,Bạc,Intel,1360P,2.0,,,LPDDR5,,0,1,Wide-Viewing Angle (WVA),1920 x 1200 Pixels,IPS,60,,,,English International Backlit Keyboard,Có,LED,,,windows,25290000
hp,13.3,Core i7,8,512,Intel UHD Graphics,1.34,7600000,12,6.422,2381000,13,16,5,29.83 x 21.49 x 1.61 cm,Xanh dương,Intel,1250U,1.1,,,,,0,2,OLED,2880 x 1800 Pixels,AMOLED,60,,,,Chiclet Keyboard,Không,LED,,,windows,24990000
hp,14.0,Core i7,16,512,Intel UHD Graphics,1.38,2500000,12,6.122,2222000,0,19,5,32.19 x 21.39 x 1.99 cm,Bạc,Intel,1360P,1.9,,,,,2,0,Anti-glare LED UWVA,1920 x 1080 Pixels,IPS,60,,,,Chiclet Keyboard,Không,LED,,65 W,windows,24990000
acer,16.1,Core i5,16,512,NVIDIA GeForce RTX 3050 4GB,1.9,6000000,12,6.247,2333000,0,0,5,367.8 (W) x 236.1 (D) x 18.9 (H) mm,Xám,Intel,11320H,3.2,4.0,8.0,LPDDR4,,0,1,Acer ComfyView LED-backlit Chính:,FHD (1920 x 1080) Màn hình chính:,IPS,60  Màn hình chính:,,,,Bàn phím cứng,Có (NumberPad),LED,Lithium-ion,,windows,24990000
msi,14.0,Core i5,16,512,Intel Iris Xe Graphics,1.49,2300000,24,6.172,2181000,0,0,5,314 x 227.5 x 17.9 mm,Bạc,Intel,13500H,3.5,12.0,16.0,LPDDR5,4800 MHz,0,1,IPS,1920 x 1200 Pixels,IPS,144,,,,Backlit Chiclet Keyboard,Có,LED,,100 W,windows,24690000
msi,15.6,Core i7,8,512,NVIDIA GeForce RTX 4050 6GB GDDR6,1.98,2800000,24,6.422,2222000,25,40,5,359.36 x 250.34 x 21.95 mm,Đen,Intel,12650H,2.3,10.0,16.0,DDR5,4800 MHz,2,0,IPS,1920 x 1080 Pixels,IPS,144,,,2,"6-row, multimedia Fn keys, numeric keypad",Có,LED,Lithium polymer,120 W,windows,24690000
dell,15.6,Core i7,16,512,,1.74,500000,12,0.0,3356000,0,0,5,35.85 x 23.56 x 1.90 cm,Xám,Intel,1355U,1.3,,,DDR4,,0,0,Anti-Glare,1920 x 1200 Pixels,IPS,120,,,,English International Backlit Keyboard,Có,LED,,,windows,24490000
acer,15.6,Core i7,8,512,NVIDIA GeForce RTX 3050 4GB,2.5,5500000,12,6.372,2181000,44,114,5,360.4 x 271.09 x 25.9 mm,Đen,Intel,12700H,2.3,14.0,20.0,DDR4,3200 MHz,2,0,Acer ComfyView LED-backlit,1920 x 1080 Pixels,IPS,144,,LED,,"6-row, multimedia Fn keys",Có,LED,Lithium-ion 4 viên,,windows,24490000
acer,16.1,Core i5,16,512,NVIDIA GeForce RTX 3050 4GB,1.9,2500000,12,6.497,2141000,14,42,4,18.9 x 368 x 235 mm,Xám,Intel,11320H,3.2,4.0,8.0,LPDDR4X,4266 MHz,Không,Có,Acer ComfyView LED-backlit,1920 x 1080 Pixels,IPS,60,100% sRGB,LED,2,Backlit Chiclet Keyboard,Không,LED,Lithium-ion,59 W,windows,23990000
asus,14.0,Core i5,16,512,Intel Iris Xe Graphics,1.39,4000000,24,6.147,2262000,25,36,5,313.6 x 219.8 x 16.9 mm,Bạc,Intel,1340P,1.9,12.0,16.0,DDR5,4800 MHz,Không,Có,OLED,2880 x 1800 Pixels,OLED,90,100% DCI-P3,OLED,,Backlit Chiclet Keyboard,Có (NumberPad),LED,,75 W,windows,23990000
asus,14.0,Core i9,16,512,Intel Iris Xe Graphics,1.4,3000000,24,6.422,2181000,13,18,5,31.71 x 22.25 x 1.89 ~ 1.89 cm,Đen,Intel,13900H,2.6,14.0,20.0,DDR4,3200 MHz,1,Có,OLED,2880 x 1800 Pixels,OLED,90,,LED,,Backlit Chiclet Keyboard,Có,LED,,,windows,23990000
lenovo,14.0,Core i7,16,512,,1.35,1200000,36,0.0,2021000,0,1,5,312 x 221 x 14.9 mm,Xám Trắng,Intel,13700H,2.4,14.0,20.0,DDR5,5200 MHz,0,2,OLED,1920 x 1200 Pixels,IPS,60,,,2,Backlit Chiclet Keyboard,Không,Trắng,,,windows,23790000
dell,16.0,Core i5,16,512,NVIDIA GeForce MX570 2GB,1.845,1400000,12,5.997,2021000,24,35,4,35.678 x 25.190 x 1.795 cm,Xám,Intel,1240P,1.7,,,DDR4,3200 MHz,2,1,Anti -glare LED-Backlit Display,1200 x 1920 Pixels,TFT,60,,,,English International Backlit Keyboard,Có,LED,,,windows,23590000
asus,14.0,Core i9,16,512,Intel Iris Xe Graphics,1.5,3000000,24,5.872,2141000,0,4,0,31.32 x 22.76 x 1.89 mm,Bạc,Intel,13900H,2.6,,,DDR4,,1,1,LED Backlit,1920 x 1200 Pixels,IPS,60,,,,Backlit Chiclet Keyboard,Không,LED,,,windows,23490000
lenovo,16.0,Core i5,16,512,Intel Iris Xe Graphics,1.57,0,36,0.0,3088000,0,0,5,327.5 x 225.3 x 16.81 mm,Xám,Intel,1145G7,2.6,4.0,8.0,DDR4,4266 MHz,0,2,Anti-Glare,1920 x 1200 Pixels,IPS,60,45% NTSC,LED,2,English International Backlit Keyboard,Có,LED,,65 W,windows,22990000
lenovo,14.0,Core i7,8,512,Intel Iris Xe Graphics,1.64,2600000,24,5.772,2069000,13,18,5,324 x 220.7 x 17.9 mm,Đen,Intel,1255U,1.7,10.0,12.0,DDR4,3200 MHz,1,1,Anti - Glare,1920 x 1080 Pixels,IPS,60,,,,Chiclet Keyboard,Không,Không,,,windows,22990000
acer,15.6,Ryzen 7,8,512,NVIDIA GeForce RTX 3060 6GB,2.2,10000000,12,0.0,2133000,0,0,0,363.4 x 255 x 23.9 mm,Đen,AMD,5800H,3.2,8.0,16.0,DDR4,3200 MHz,2,0,Acer ComfyView LED-backlit,1920 x 1080 Pixels,IPS,144,45% NTSC,LED,2,Backlit Chiclet Keyboard,Có,LED,Lithium-ion,57.5 W,windows,22490000
dell,14.0,Core i5,8,512,Intel Iris Xe Graphics,1.62,3000000,12,5.622,2573000,0,1,5,"314 x 226,56  x 17,47 mm",Bạc,Intel,1335U,1.3,10.0,12.0,LPDDR5,4800 MHz,0,1,Anti-Glare LED-Backlit Display Chính:,1920 x 1200 Pixels Màn hình chính:,WVA,60,45% NTSC,LED,2,English International Backlit Keyboard,Không,LED,Lithium-ion,65 W,windows,22490000
asus,15.6,Core i7,16,512,Intel Iris Xe Graphics,1.7,3500000,24,5.372,2101000,45,33,5,35.97 x 23.25 x 1.79,Bạc,Intel,1360P,2.2,12.0,16.0,DDR4,3200 MHz,1,1,OLED,1920 x 1080 Pixels,IPS,60,,,,Backlit Chiclet Keyboard,Có,LED,,,windows,22490000
gigabyte,15.6,Core i5,16,512,NVIDIA GeForce RTX 4050 6GB GDDR6,1.9,800000,24,5.822,1884000,35,72,5,360(W) x 238(D) x  227(H) mm,Đen,Intel,12450H,2.0,8.0,12.0,DDR4,3200 MHz,2,0,Anti-Glare,1920 x 1080 Pixels,IPS,144,45% NTSC,,2,English International Backlit Keyboard,Có,LED,Lithium-ion,150 W,windows,22490000
lenovo,16.0,Core i5,16,512,Intel Iris Xe Graphics,1.97,1700000,24,5.497,1916000,15,26,5,356.1 x 247.7 x 19.85 mm,Đen,Intel,1340P,1.9,12.0,16.0,DDR4,3200 MHz,1,1,Anti - Glare,1920 x 1200 Pixels,IPS,60,45% NTSC,,2,English International Backlit Keyboard,Có,LED,,65 W,windows,21990000
hp,13.3,Core i5,8,512,Intel Iris Xe Graphics,1.34,6800000,12,5.497,2165000,17,29,5,29.83 x 21.49 x 1.61 cm,Xanh dương,Intel,1230U,1.0,10.0,12.0,LPDDR4X,4266 MHz,0,2,OLED,2880 x 1800 Pixels,OLED,60,,,,Backlit Chiclet Keyboard,Không,LED,,,windows,21990000
lenovo,14.0,Core i5,16,512,Intel Iris Xe Graphics,1.43,1100000,12,0.0,1860000,0,0,5,313 x 219.3 x 17.99 mm,Đen,Intel,1335U,1.3,10.0,12.0,DDR4,3200 MHz,1,1,Anti-Glare,1920 x 1200 Pixels,IPS,60,45% NTSC,,,English International Backlit Keyboard,Không,Trắng,,65 W,windows,21890000
hp,14.0,Core i5,16,512,Intel UHD Graphics,1.38,2100000,12,5.372,1884000,14,18,5,32.19 x 21.39 x 1.99 cm,Bạc,Intel,1340P,1.9,,,,,2,0,Anti-glare LED UWVA,1920 x 1080 Pixels,IPS,60,,,,Chiclet Keyboard,Không,LED,,65 W,windows,21190000
hp,16.1,Ryzen 7,8,512,NVIDIA GeForce RTX 3050 4GB,2.4,8300000,12,0.0,2125000,19,25,5,37 x 26 x 2.35 (W x D x H) cm,Đen,AMD,6800H,3.2,8.0,16.0,DDR5,4800 MHz,2,0,FHD,1920 x 1080 Pixels,IPS,144,45% NTSC,,,English International Backlit Keyboard,Có,LED,Lithium-ion,,windows,20990000
hp,14.0,Core i7,16,512,Intel Iris Xe Graphics,1.41,4200000,12,5.472,1997000,13,18,5,32.5 x 21.66 x 1.7 cm,Vàng,Intel,1255U,1.7,10.0,12.0,DDR4,3200 MHz,2,0,IPS,1920 x 1080 Pixels,IPS,60,,,,Chiclet Keyboard,Không,Không,,,windows,20990000
asus,14.0,Core i5,8,512,Intel Iris Xe Graphics,1.39,5000000,24,5.045,2021000,129,142,5,313.6 x 220.6 x 16.9 mm,Xanh,Intel,1240P,1.7,4.0,8.0,DDR5,4800 MHz,Không,Có,OLED,2880 x 1800 Pixels,,90,100% DCI-P3,,,Chiclet Keyboard,Không,LED,,,windows,20490000
dell,16.0,Core i5,8,512,NVIDIA GeForce MX570 2GB,1.97,1000000,12,5.172,2888000,13,24,5,"356,7 x 251,9 x 17.95 mm",Xám,Intel,1240P,3.3,,,DDR4,,2,0,Anti-Glare LED-Backlit Display,1920 x 1200 Pixels,WVA,60,,,2,English International Backlit Keyboard,Không,LED,,,windows,20490000
asus,15.6,Core i7,8,512,NVIDIA GeForce RTX 3050 Ti 4GB,2.3,2000000,24,4.997,1779000,18,58,5,35.9 x 25.6 x 2.28 ~ 2.45 cm,Đen,Intel,11800H,2.3,8.0,,DDR4,3200 MHz,2,0,Anti - Glare,FHD (1920 x 1080),IPS,144,63% sRGB,Màn hình phẳng,2,Backlit Chiclet Keyboard,Có,LED,Lithium-ion 3 viên,180 W,windows,19990000
hp,13.3,Ryzen 7,16,512,AMD Radeon Graphics,1.0,2200000,12,4.947,1739000,21,24,5,29.76 x 20.9 x 1.69 cm,Bạc,AMD,7735U,2.7,8.0,16.0,DDR4,3200 MHz,0,1,LCD,1920 x 1200 Pixels,IPS,,100% sRGB,,,English International Backlit Keyboard,Không,LED,,,windows,19790000
macbook,13.3,M1,8,256,Apple M1,1.29,3200000,12,4.61,1653000,467,2271,5,304.1 x 212.4 x 4.1 ~ 16.1 mm,Xám,Apple,,,8.0,8.0,LPDDR4,,Không,Có,"IPS LCD LED Backlit, True Tone",2560 x 1600 Pixels,IPS,,96% sRGB,LED,2,English International Backlit Keyboard,Không,LED,Lithium polymer,,macos,19790000
dell,15.6,Core i7,8,512,Intel Iris Xe Graphics,1.7,1000000,12,4.922,1675000,14,23,5,358x235x21 mm,Đen,Intel,1255U,1.2,,,,,2,1,WVA Anti-glare LED Backlit Narrow Border,1920 x 1080 Pixels,WVA,120,,,,English International Non-backlit Keyboard,Có,Không,,,windows,19690000
hp,14.0,Core i7,8,512,Intel UHD Graphics,1.41,4400000,12,4.922,1932000,12,18,4,32.5 x 21.66 x 1.7 cm,Vàng,Intel,1255U,1.7,,,,,2,0,Anti - Glare,1920 x 1080 Pixels,IPS,60,,,,Chiclet Keyboard,Không,Không,,,windows,19490000
asus,15.6,Core i5,8,512,NVIDIA GeForce RTX 3050 4GB,2.0,4600000,24,4.747,1820000,325,445,5,354 x 251 x 19.9 mm,Đen,Intel,12450H,3.3,8.0,12.0,DDR5,4800 MHz,2,0,Anti-glare LED-backlit,1920 x 1080 Pixels,IPS,144,62% sRGB,LED,2,Backlit Chiclet Keyboard,Có,LED,Lithium-ion,180 W,windows,19390000
lenovo,15.6,Ryzen 5,16,512,NVIDIA GeForce RTX 3050 4GB,2.32,1000000,24,4.747,1619000,0,25,5,359.6 x 266.4 x 21.8 mm,Xám,AMD,6600H,3.3,6.0,12.0,DDR5,4800 MHz,2,0,"IPS LCD LED Backlit, True Tone",1920 x 1080 Pixels,IPS,120,45% NTSC,LED,2,"6-row, multimedia Fn keys, numeric keypad",Có,LED,,170 W,windows,18990000
lenovo,14.0,Ryzen 5,8,512,AMD Radeon Graphics,1.45,7000000,24,4.997,2101000,282,229,5,15.69 x 320 x 214 mm,Xám,AMD,5600U,2.3,6.0,12.0,LPDDR4X,4266 MHz,Không,Có,IPS LCD,1920 x 1080 Pixels,IPS,60,72% NTSC,LED,2,"6-row, multimedia Fn keys, numeric keypad",Không,LED,Lithium polymer,65 W,windows,18990000
lenovo,14.0,Ryzen 7,8,512,AMD Radeon Graphics,1.45,7000000,24,4.997,2101000,230,197,5,15.69 x 320.34 x 214.6 mm,Xám,AMD,5800U,1.9,8.0,16.0,LPDDR4X,4266 MHz,Không,Có,IPS LCD,1920 x 1080 Pixels,IPS Glossy,,45% NTSC,LED,2,Backlit Chiclet Keyboard,Không,LED,Lithium polymer,65 W,windows,18990000
acer,15.6,Core i5,32,512,NVIDA Geforce RTX 2050 4GB,1.7,4400000,12,0.0,3088000,0,0,0,361 x 237 x 17.9 mm,Xám,Intel,13420H,3.4,,,DDR4,,2,0,FHD,1920 x 1080 Pixels,IPS,60,,,2,English International Backlit Keyboard,Có,LED,Lithium-ion,,windows,18590000
gigabyte,15.6,Ryzen 5,8,512,NVIDIA GeForce RTX 3060 6GB,2.12,1500000,24,4.747,1619000,72,37,5,361 x 258 x 25.3 mm,Đen,AMD,5600H,3.3,6.0,12.0,DDR4,3200 MHz,2,0,Anti - Glare,1920 x 1080 Pixels,IPS,144,45% NTSC,,2,English International Backlit Keyboard,Có,LED,,,windows,18490000
hp,15.6,Core i5,8,512,Intel Iris Xe Graphics,1.69,1600000,12,4.647,1619000,0,0,5,36.02 x 23.4 x 1.8 (W x D x H) cm,Bạc,Intel,1335U,3.3,,,,3200 MHz,2,0,IPS,FHD (1920 x 1080),IPS,Hãng không công bố,,,,English International Non-backlit Keyboard,Có,Không,,,windows,18390000
acer,14.0,Ryzen 5,16,512,,1.2,500000,12,4.497,1498000,0,0,5,321.71 x 211.72 x 15.9 mm,Bạc,AMD,7530U,2.0,,,DDR4,,0,1,Acer CineCrystalTM LED-backlit TFT LCD,FHD (1920 x 1080),IPS,60,,,,Backlit Chiclet Keyboard,Không,LED,,,windows,17990000
lenovo,15.6,Ryzen 5,16,512,,1.7,700000,24,4.672,1514000,0,0,5,357 x 235 x 18.9 mm,Xám Nhạt,AMD,7530U,2.0,6.0,12.0,DDR4,3200 MHz,1,1,Anti - Glare,1920 x 1080 Pixels,IPS,60,45% NTSC,,2,English International Backlit Keyboard,Có,LED,,,windows,17990000
msi,15.6,Ryzen 5,8,512,AMD Radeon RX 6600M 8GB,2.35,9000000,12,4.497,1683000,16,89,5,359 x 259 x 23.95 mm,Đen,AMD,5600H,3.3,6.0,12.0,DDR4,3200 MHz,2,0,IPS FHD,1920 x 1080 Pixels,IPS,144,45% NTSC,Màn hình phẳng,2,"6-row, multimedia Fn keys",Có,LED,Lithium-ion,180 W,windows,17990000
hp,16.1,Ryzen 5,8,512,NVIDIA GeForce RTX 3050 4GB,2.4,7500000,12,4.747,1900000,33,115,4,37 x 26 x 2.35 cm,Đen,AMD,6600H,3.3,6.0,12.0,DDR5,4800 MHz,2,0,IPS,1920 x 1080 Pixels,IPS,144,,,,Chiclet Keyboard,Có,LED,Lithium polymer,,windows,17990000
asus,14.0,Ryzen 5,8,512,AMD Radeon Graphics,1.4,2000000,24,4.472,1619000,16,20,5,31.12 x 22.11 x 1.59 ~ 1.59 cm,Đen,AMD,5600H,3.3,6.0,12.0,DDR4,3200 MHz,Không,Có,OLED,2880 x 1800 Pixels,IPS,90,,,,Backlit Chiclet Keyboard,Không,LED,,,windows,17990000
asus,14.0,Ryzen 5,8,512,AMD Radeon Graphics,1.4,2000000,24,4.472,1619000,139,165,5,330 x 221.7 x 15.9 mm,Đen,AMD,5600H,3.3,6.0,12.0,LPDDR4X,4267 MHz,Không,Có,OLED,2880 x 1800 Pixels,OLED,90,100% DCI-P3,LED,1,Backlit Chiclet Keyboard,Có,LED,Lithium-ion,100 W,windows,17990000
asus,17.3,Core i5,8,512,NVIDIA GeForce RTX 3050 4GB,2.6,8500000,24,4.622,1980000,99,110,5,399 x 269 x 23.3 mm,Xám,Intel,11400H,2.7,6.0,12.0,DDR4,3200 MHz,2,0,IPS LCD LED Backlit,1920 x 1080 Pixels,IPS,144,62% sRGB,Màn hình phẳng,,Backlit Chiclet Keyboard,Có,LED,Lithium-ion,180 W,windows,17990000
acer,14.0,Core i5,16,512,Intel Iris Xe Graphics,1.19,5300000,12,4.372,1699000,295,256,5,15.9	x 322.8 x 212.2 mm,Bạc,Intel,1135G7,2.4,4.0,8.0,LPDDR4X,4266 MHz,Không,,Acer ComfyView Anti-glare LED-backlit,1920 x 1080 Pixels,IPS,60,100% sRGB,LED,2,Backlit Chiclet Keyboard,,LED,Lithium-ion,56 W,windows,17690000
hp,15.6,Core i5,16,512,Intel Iris Xe Graphics,1.7,2500000,12,4.797,1578000,14,25,5,35.85 x 24.2 x 1.79 cm,Bạc,Intel,1235U,1.3,10.0,12.0,DDR4,3200 MHz,2,0,Anti-Glare,1920 x 1080 Pixels,IPS,60,,LED,,"6-row, multimedia Fn keys, numeric keypad",Có,Không,,,windows,17490000
hp,15.6,Core i5,8,512,NVIDIA GeForce MX550 2GB,1.71,4000000,12,5.347,1570000,14,15,5,36.02 x 23.4 x 1.79 cm,Bạc,Intel,1235U,1.3,10.0,12.0,DDR4,3200 MHz,2,0,IPS FHD,1920 x 1080 Pixels,IPS,60,,,,Chiclet Keyboard,Có,Không,,,windows,17390000
hp,15.6,Core i7,8,512,Intel Iris Xe Graphics,1.69,5700000,12,4.247,1731000,25,37,4,"35,85 x 24,2 x 1,79 cm",Xanh,Intel,1255U,1.7,10.0,12.0,DDR4,3200 MHz,2,0,Wide-Viewing Angle (WVA),1920 x 1080 Pixels,WVA,60,45% NTSC,LCD,2,Chiclet Keyboard,Có,Không,,,windows,17190000
asus,15.6,Ryzen 5,8,512,NVIDIA GeForce RTX 3050 4GB,2.3,5000000,24,4.497,1699000,82,132,5,35.9 x 25.6 x 2.28 cm,Đen,AMD,4600H,3.0,6.0,12.0,DDR4,3200 MHz,2,0,FHD,1920 x 1080 Pixels,IPS,144,45% NTSC,Màn hình phẳng,,Chiclet Keyboard,Có,LED,Lithium-ion,180 W,windows,16990000
lenovo,14.0,Core i5,8,512,Intel Iris Xe Graphics,1.4,4400000,24,4.497,1731000,16,24,5,323 x 218 x 17.9 mm,Xám,Intel,1235U,1.3,10.0,12.0,DDR4,3200 MHz,1,1,Anti - Glare,1920 x 1080 Pixels,IPS,60,45% NTSC,,,Chiclet Keyboard,Không,LED,,,windows,16990000
vaio,14.0,Core i5,8,512,Intel UHD Graphics,1.8,2000000,12,4.372,1538000,14,22,5,35.8 x 23.9 x 1.98 cm,Đen,Intel,1235U,3.3,,,LPDDR4,4266 MHz,1,1,IPS FHD,"1920 x 1080 Pixelss , 60Hz",IPS,60,,,,"6-row, multimedia Fn keys, numeric keypad",Không,Không,,,windows,16990000
lenovo,14.0,Ryzen 7,16,512,AMD Radeon Graphics,1.17,3000000,36,4.497,1578000,14,44,4,324.1 x 215.7 x 17.1 mm,Xám,AMD,7730U,2.0,8.0,16.0,DDR4,3200 MHz,0,1,Anti-Glare LED-Backlit Display,1920 x 1080 Pixels,IPS,,100% sRGB,LED,2,"6-row, multimedia Fn keys",Có,LED,Lithium polymer,65 W,windows,16990000
msi,15.6,Core i5,8,512,NVIDA Geforce RTX 2050 4GB,1.98,2000000,24,4.747,1538000,0,2,5,359.36 x 250.34 x 21.95~22.9 mm,Đen,Intel,12450H,2.0,8.0,12.0,DDR5,4800 MHz,2,0,IPS FHD,1920 x 1080 Pixels,IPS,144,45% NTSC,LED,2,Backlit Chiclet Keyboard,Không,LED,,120 W,windows,16990000
msi,15.6,Core i5,8,512,NVIDA Geforce RTX 2050 4GB,1.86,1300000,12,4.122,1458000,0,0,5,359 x 254 x 21.7 mm,Đen,Intel,12450H,2.0,8.0,12.0,DDR4,,2,0,FHD,1920 x 1080 Pixels,IPS,144,45% NTSC,,,Backlit Chiclet Keyboard,Không,LED,,,windows,16690000
acer,15.6,Ryzen 5,8,512,NVIDIA GeForce RTX 3050 4GB,2.1,5500000,12,4.372,1699000,15,29,5,36.34 x 25.45 x 2.29 cm (W x D x H) cm,Đen,AMD,5625U,2.3,6.0,12.0,DDR4,3200 MHz,2,0,Acer ComfyView LED-backlit,1920 x 1080 Pixels,IPS,144,,LED,,"6-row, multimedia Fn keys",Có,LED,Lithium-ion 3 viên,,windows,16490000
asus,15.6,Core i5,16,512,Intel Iris Xe Graphics,1.7,2500000,24,0.0,1538000,0,0,5,35.97 x 23.25 x 1.79 ~ 1.79 cm,Bạc,Intel,1335U,1.3,,,DDR4,,1,1,FHD,FHD (1920 x 1080),IPS,60,45% NTSC,Màn hình phẳng,,Chiclet Keyboard,Có,Không,,45 W,windows,16490000
msi,14.0,Core i5,16,512,Intel Iris Xe Graphics,1.4,2200000,24,3.985,1466000,12,13,5,319.9 x 223 x 19.35 mm,Đen,Intel,1335U,1.3,10.0,12.0,DDR4,3200 MHz,0,1,IPS,1920 x 1080 Pixels,IPS,60,,,2,"6-row, multimedia Fn keys",Không,LED,Lithium polymer,65 W,windows,16290000
msi,15.6,Core i5,8,512,Intel UHD Graphics,1.7,2200000,24,4.122,1466000,14,14,5,359 x 241 x 19.9 mm,Đen,Intel,1335U,,10.0,12.0,DDR4,3200 MHz,Không,Có,FHD,1920 x 1080 Pixels,IPS,60,45% NTSC,LED,2,Backlit Chiclet Keyboard,Có,LED,Lithium polymer,65 W,windows,16290000
asus,15.6,Core i5,8,512,Intel UHD Graphics,1.7,5200000,24,4.247,1659000,46,393,4,356.8 x 227.6 x 19.9 mm,Bạc,Intel,12500H,2.5,12.0,16.0,DDR4,3200 MHz,Không,8,OLED,1920 x 1080 Pixels,IPS,60,100% DCI-P3,LED,,Backlit Chiclet Keyboard,Có,LED,Lithium polymer,,windows,16290000
lenovo,16.0,Core i5,16,512,Intel UHD Graphics,1.89,1500000,36,4.122,1377000,14,52,5,356 x 251 x 17.9 mm,Đen,Intel,12450H,2.0,8.0,12.0,DDR5,4800 MHz,0,2,Anti - Glare,1920 x 1200 Pixels,IPS,60,45% NTSC,LED,,English International Non-backlit Keyboard,Có,Không,,65 W,windows,15990000
asus,16.0,Ryzen 7,16,512,,1.88,2500000,24,0.0,1498000,0,0,5,35.87 x 24.95 x 1.99 cm,Bạc,AMD,7730U,2.0,,,DDR4,,1,1,LED Backlit,1920 x 1200 Pixels,IPS,60,85% NTSC,LED,,Chiclet Keyboard,Có,Không,,45 W,windows,15990000
acer,15.6,Core i5,16,512,,2.1,500000,12,3.975,1337000,0,0,5,362.3 x 237.4  x 19.9 mm,Đen,Intel,12450H,3.3,,,DDR4,,2,0,Acer ComfyView LED-backlit,FHD (1920 x 1080),IPS,60,,,,English International Backlit Keyboard,Có,LED,,,windows,15990000
acer,15.6,Core i5,16,512,,1.7,500000,12,3.947,1337000,0,0,5,362.9 x 237.5  x 17.99 mm,Xám,Intel,1335U,3.4,,,LPDDR5,,0,1,Acer ComfyView Anti-glare LED-backlit,FHD (1920 x 1080),IPS,60,,,,English International Non-backlit Keyboard,Có,Không,,,windows,15990000
msi,14.0,Core i5,8,512,Intel Iris Xe Graphics,1.4,2200000,24,3.862,1426000,16,14,5,319.9 x 223 x 19.35 mm,Đen,Intel,1335U,,10.0,12.0,DDR4,3200 MHz,Không,Có,IPS,FHD (1920 x 1080),IPS,60,45% NTSC,,2,"6-row, multimedia Fn keys, numeric keypad",Có,LED,,65 W,windows phone,15790000
hp,14.0,Core i5,8,256,Intel Iris Xe Graphics,1.41,3200000,12,3.972,1434000,26,39,4,325 x 216.6 x 17 mm,Vàng,Intel,1235U,1.3,10.0,12.0,DDR4,3200 MHz,2,0,IPS,1920 x 1080 Pixels,IPS,60,,,,Chiclet Keyboard,Không,Không,,,windows,15490000
asus,16.0,Core i5,8,512,Intel Iris Xe Graphics,1.68,2700000,24,3.747,1434000,28,41,4,35.87 x 24.95 x 1.99 ~ 1.99 cm,Bạc,Intel,1335U,1.3,10.0,12.0,DDR4,3200 MHz,1,1,Anti-Glare,1920 x 1200 Pixels,IPS,60,,,,Chiclet Keyboard,Có,Không,,42 W,windows,15490000
hp,15.6,Core i5,8,256,Intel Iris Xe Graphics,1.71,3300000,12,3.872,1442000,15,20,5,36.02 x 23.4 x 1.79 cm (W x D x H) cm,Vàng,Intel,1240P,1.7,,,DDR4,3200 MHz,2,0,IPS FHD,1920 x 1080 Pixels,IPS,60,,,,Bàn phím cứng,Có,Không,,,windows,15490000
msi,15.6,Ryzen 7,16,512,AMD Radeon Graphics,1.4,1700000,24,3.872,1377000,0,3,5,359 x 241 x 19.9 mm,Đen,AMD,7730U,2.0,8.0,16.0,DDR4,3200 MHz,Không,Có,FHD,1920 x 1080 Pixels,IPS,60,45% NTSC,LED,2,"6-row, multimedia Fn keys, numeric keypad",Có,LED,,65 W,windows,15290000
hp,14.0,Core i5,8,512,Intel Iris Xe Graphics,1.41,3800000,12,3.872,1442000,0,0,0,32.4 x 22.59 x 1.99 (W x D x H) cm,Bạc,Intel,1235U,1.3,,,DDR4,3200 MHz,2,0,IPS,1920 x 1080 Pixels,IPS,Hãng không công bố,,,,English International Backlit Keyboard,Không,Không,Lithium-ion,45 W,windows,14990000
hp,15.6,Core i5,8,256,Intel Iris Xe Graphics,1.7,4000000,12,3.782,1353000,11,36,4,35.85 x 24.2 x 1.79 cm,Xanh,Intel,1235U,13.0,10.0,12.0,DDR4,3200 MHz,8,0,Anti-Glare,1920 x 1080 Pixels,IPS,60,,LED,,"6-row, multimedia Fn keys, numeric keypad",Có,Không,Lithium-ion,45 W,windows,14690000
asus,15.6,Ryzen 5,8,512,AMD Radeon Graphics,1.7,1500000,24,3.627,1297000,113,170,5,356.8 x 227.6 x 19.9 cm,Bạc,AMD,5600H,3.3,6.0,12.0,DDR4,3200 MHz,Không,8,OLED,1920 x 1080 Pixels,IPS,60,100% DCI-P3,OLED,,Chiclet Keyboard,Có,Không,Lithium-ion,90 W,windows,14490000
hp,15.6,Core i5,8,256,Intel Iris Xe Graphics,1.702,3500000,12,3.875,1377000,122,136,5,360.2 x 234 x 17.9 mm,Vàng,Intel,1240P,1.7,12.0,16.0,DDR4,3200 MHz,8,0,IPS FHD,1920 x 1080 Pixels,IPS,,45% NTSC,LED,,"6-row, multimedia Fn keys, numeric keypad",Có,Không,,65 W,windows,14490000
asus,15.6,Core i5,8,512,Intel Iris Xe Graphics,1.7,4000000,24,3.747,1418000,183,292,5,359.7 x 232.5 x 19.9 mm,Bạc,Intel,1240P,1.7,12.0,16.0,DDR4,3200 MHz,Không,8,LED Backlit,1920 x 1080 Pixels,IPS,60,45% NTSC,LED,,Chiclet Keyboard,Có,Không,Lithium-ion,65 W,windows,14490000
acer,14.0,Core i5,8,512,Intel Iris Xe Graphics,1.45,800000,12,3.622,1217000,231,228,5,328 x 222.9 x 17.9 mm,Bạc,Intel,1135G7,2.4,4.0,8.0,DDR4,2666 MHz,1,Có,Acer ComfyView Anti-glare LED-backlit,1920 x 1080 Pixels,IPS,60,,LED,1,Chiclet Keyboard,Không,LED,Lithium-ion,,windows,14190000
asus,15.6,Core i5,16,512,Intel UHD Graphics,1.8,1000000,24,3.547,1217000,0,0,0,36.00 x 23.50 x 1.99 cm,Bạc,Intel,1135G7,2.4,4.0,,DDR4,3200 MHz,1,1,Anti - Glare,1920 x 1080 Pixels,IPS,60,45% NTSC,Màn hình phẳng,,Chiclet Keyboard,Có (NumberPad),Không,Lithium-ion 2 viên,45 W,windows,13990000
msi,15.6,Core i5,16,512,Intel Iris Xe Graphics,1.7,500000,24,3.447,1176000,0,2,5,359 x 241 x 19.9 mm,Đen,Intel,1235U,1.3,10.0,12.0,DDR4,3200 MHz,0,2,IPS FHD,1920 x 1080 Pixels,IPS,60,45% NTSC,Màn hình phẳng,2,English International Backlit Keyboard,Không,LED,Lithium polymer 3 viên,65 W,windows,13990000
msi,15.6,Ryzen 5,16,512,AMD Radeon Graphics,1.4,1400000,24,3.372,1217000,0,0,0,359 x 241 x 19.9 mm,Đen,AMD,7530U,2.0,6.0,12.0,DDR4,3200 MHz,0,1,FHD,1920 x 1080 Pixels,IPS,60,45% NTSC,LED,2,"6-row, multimedia Fn keys, numeric keypad",Có,LED,,65 W,windows,13590000
msi,14.0,Core i5,16,512,Intel Iris Xe Graphics,1.4,2400000,24,3.397,1233000,0,28,0,319.9 * 223 *1 9.35 mm,Đen,Intel,1235U,1.4,10.0,12.0,DDR4,3200 MHz,0,1,FHD,1920 x 1080 Pixels,IPS,60,45% NTSC,LED,2,Chiclet Keyboard,Có,LED,Lithium polymer,65 W,windows,13590000
acer,15.6,Core i5,8,512,Intel UHD Graphics,1.7,4500000,12,3.247,1377000,15,20,4,362.9x241.26x19.9 mm,Bạc,Intel,1235U,3.3,,,,,2,0,Acer ComfyView LED-backlit,1920 x 1080 Pixels,TFT,60,,,,English International Non-backlit Keyboard,Có,Không,,,windows,13490000
asus,14.0,Ryzen 5,8,512,AMD Radeon Graphics,1.6,1500000,24,3.385,1217000,1259,242,5,31.71 x 22.20 x 1.99 ~ 1.99 cm,Bạc,AMD,5600H,3.3,6.0,12.0,DDR4,3200 MHz,1,8,LED Backlit,1920 x 1200 Pixels,IPS,60,45% NTSC,Màn hình phẳng,,Chiclet Keyboard,Không,Không,,90 W,windows,13490000
hp,15.6,Core i5,8,256,Intel Iris Xe Graphics,1.69,4200000,12,3.622,1353000,25,49,4,358.5 x 242 x 17.9 mm,Bạc,Intel,1235U,1.3,10.0,12.0,DDR4,3200 MHz,2,0,Wide-Viewing Angle (WVA),1920 x 1080 Pixels,WVA,60,45% NTSC,LCD,2,Chiclet Keyboard,Có,Không,,,windows,13490000
asus,15.6,Ryzen 7,8,512,AMD Radeon Graphics,1.8,4000000,24,3.497,1337000,94,61,4,35.98 x 23.53 x 1.86 ~ 1.86 cm,Bạc,AMD,5700U,,8.0,16.0,DDR4,3200 MHz,Không,8,Anti-Glare LED-Backlit Display,FHD (1920 x 1080),TN,60,,LED,,Chiclet Keyboard,Có,Không,,,windows,13490000
lenovo,15.6,Core i5,16,512,Intel Iris Xe Graphics,1.65,700000,12,0.0,1096000,0,17,5,359.2 x 235.8 x 19.9 mm,Xám,Intel,12500H,2.5,12.0,16.0,DDR4,3200 MHz,1,1,Anti - Glare,1920 x 1080 Pixels,IPS,60,,,,English International Non-backlit Keyboard,Không,Không,,65 W,windows,12790000
lenovo,15.6,Ryzen 5,8,512,AMD Radeon Graphics,1.85,5000000,36,3.242,1257000,56,114,5,356.67 x 233.13 x 16.9 mm,Xám,AMD,5625U,2.3,6.0,12.0,DDR4,3200 MHz,Không,2,"IPS LCD LED Backlit, True Tone",1920 x 1080 Pixels,IPS,60,45% NTSC,LED,2,"6-row, multimedia Fn keys, numeric keypad",Có,LED,Lithium polymer,65 W,windows,12490000
lenovo,14.0,Core i5,8,512,Intel Iris Xe Graphics,1.63,5800000,24,2.99,1361000,56,101,5,359.2 x 236.5 x 19.9 mm,Xanh,Intel,1235U,1.4,10.0,12.0,DDR4,3200 MHz,1,0,"IPS LCD LED Backlit, True Tone",1920 x 1080 Pixels,TN,60,45% NTSC,LED,2,"6-row, multimedia Fn keys",Không,Không,Lithium polymer,65 W,windows,11990000
acer,15.6,Core i5,8,512,Intel Iris Xe Graphics,1.7,2500000,12,3.14,1136000,87,134,5,363.4 x 247.5 x 19.9 mm,Bạc,Intel,1135G7,2.4,4.0,8.0,DDR4,2400 MHz,1,Có,Acer ComfyView LED-backlit,1920 x 1080 Pixels,TN,60,,LED,2,Chiclet Keyboard,Có,Không,Lithium-ion,36.7 W,windows,11990000
acer,15.6,Core i3,16,512,,1.7,1000000,12,3.247,1056000,0,0,0,362.9 x 237.5 x 17.99 mm,Xám,Intel,1305U,3.3,,,LPDDR5,,0,1,Acer ComfyView Anti-glare LED-backlit,FHD (1920 x 1080),IPS,60,,,,English International Non-backlit Keyboard,Có,Không,,,windows,11990000
lenovo,15.6,Core i5,8,512,Intel Iris Xe Graphics,1.63,6000000,24,3.697,1377000,0,0,0,359.2 x 236.5 x 19.9 mm,Xanh,Intel,1235U,1.3,10.0,12.0,DDR4,3200 MHz,1,Có,Anti-Glare LED-Backlit Display,1920 x 1080 Pixels,TN,Hãng không công bố,,LED,2,"6-row, multimedia Fn keys, numeric keypad",Có,Không,Lithium polymer,65 W,windows,11990000
msi,15.6,Ryzen 5,8,512,AMD Radeon Graphics,1.4,900000,24,2.872,1016000,30,59,5,359 x 241 x 19.9 mm,Đen,AMD,7530U,2.0,6.0,12.0,DDR4,3200 MHz,Không,Có,FHD,1920 x 1080 Pixels,IPS,60,45% NTSC,LED,2,"6-row, multimedia Fn keys, numeric keypad",Có,LED,,,windows,11590000
acer,14.0,Ryzen 5,8,512,AMD Radeon 610 2GB,1.4,1700000,12,3.322,1080000,14,15,5,328.3 (W) x 217.15 (D) x 18.0 (H) mm,Đen,AMD,7520U,2.8,4.0,8.0,,,0,1,Acer ComfyView LED-backlit,1920 x 1080 Pixels,IPS,60,,,,"6-row, multimedia Fn keys",Có,Không,,,windows,11590000
acer,15.6,Core i5,8,256,Intel Iris Xe Graphics,1.7,1000000,12,2.997,1016000,145,104,5,363.4 x 247.5 x 19.9 mm,Vàng,Intel,1135G7,2.4,4.0,8.0,DDR4,2400 MHz,1,Có,Acer ComfyView LED-backlit,1920 x 1080 Pixels,TN,60,,LED,2,Chiclet Keyboard,Có,Không,Lithium-ion,36.7 W,windows,11490000
lenovo,14.0,Core i5,8,512,Intel Iris Xe Graphics,1.43,1500000,12,2.622,1056000,0,9,5,324 x 215 x 19.9 mm,Xám,Intel,1235U,1.3,10.0,12.0,DDR4,3200 MHz,1,1,Anti - Glare,1920 x 1080 Pixels,IPS,60,,,,Chiclet Keyboard,Không,Không,,,windows,11490000
lenovo,15.6,Core i5,8,256,Intel Iris Xe Graphics,1.65,2500000,24,2.997,1072000,27,72,5,359.2 x 236.5 x 19.9 mm,Xám,Intel,1155G7,2.5,4.0,8.0,DDR4,3200 MHz,1,Có,Anti-Glare LED-Backlit Display,1920 x 1080 Pixels,TN,Hãng không công bố,45% NTSC,LED,2,"6-row, multimedia Fn keys, numeric keypad",Có,Không,Lithium polymer,65 W,windows,11190000
msi,15.0,Ryzen 5,8,512,AMD Radeon Graphics,1.4,2500000,24,2.847,1000000,0,43,0,359 x 241 x 19.9 mm,Đen,AMD,5625U,2.3,6.0,12.0,DDR4,3200 MHz,Không,1,FHD,1920 x 1080 Pixels,IPS,60,45% NTSC,LED,,"6-row, multimedia Fn keys",Có,LED,,,windows,10990000
acer,15.6,Core i5,8,512,NVIDIA GeForce MX330 2GB,1.9,3000000,12,2.997,1056000,267,395,5,363.4 x 250.5 x 19.95 mm,Đen,Intel,1035G1,1.0,4.0,8.0,DDR4,2400 MHz,1,Có,Acer ComfyView Anti-glare LED-backlit,1920 x 1080 Pixels,TN,60,,LED,2,Chiclet Keyboard,Không,Không,Lithium-ion,,windows,10990000
dell,15.6,Core i3,8,256,Intel UHD Graphics,1.83,3200000,12,2.772,1438000,16,60,5,358.5 x 235.56 x 18.99 mm,Xám,Intel,1215U,1.2,6.0,7.0,DDR4,2666 MHz,2,0,Anti-glare LED-backlit,1920 x 1080 Pixels,WVA,120,45% NTSC,LED,2,English International Non-backlit Keyboard,Có,Không,,,windows,10990000
huawei,14.0,Core i3,8,256,Intel UHD Graphics,1.39,1200000,12,0.0,1216000,0,0,0,314.5 × 227.79 × 15.9 mm,Xám,Intel,1215U,1.2,6.0,8.0,DDR4,,1,1,Anti-Glare LED-Backlit Display,"1920 x 1080 Pixelss , 60Hz",IPS,60,45% NTSC,,,English International Backlit Keyboard,Không,Không,,65 W,windows,10790000
asus,16.0,Core i3,8,512,Intel UHD Graphics,1.68,1500000,24,2.772,1000000,17,62,4,35.87 x 24.95 x 1.99 ~ 1.99 cm,Bạc,Intel,1215U,1.2,6.0,,DDR4,3200 MHz,1,Có,Anti - Glare,1920 x 1200 Pixels,IPS,60,,,,Backlit Chiclet Keyboard,Có,Không,,42 W,windows,10790000
msi,14.0,Ryzen 5,8,512,AMD Radeon Graphics,1.4,2500000,24,2.725,959000000,32,74,5,319.9 * 223 * 19.35 mm,Đen,AMD,5625U,23.0,6.0,12.0,DDR4,3200 MHz,0,1,FHD,1920 x 1080 Pixels,IPS,60,,LED,,"6-row, multimedia Fn keys",Không,LED,,,windows,10490000
asus,14.0,Core i3,8,256,Intel UHD Graphics,1.4,2500000,24,2.622,1016000,12,19,5,32.49 x 21.39 x 1.79 cm,Xanh,Intel,1215U,1.2,,,DDR4,,1,1,FHD Chính:,1920 x 1080 Pixels Màn hình chính:,IPS,60  Màn hình chính:,,,,Chiclet Keyboard,Không,Không,,,windows,9990000
asus,15.6,Core i3,8,256,Intel UHD Graphics,1.8,2000000,24,2.997,1618000,106,94,5,359.0 x 235.0 x 17.9 mm,Bạc,Intel,1115G4,3.0,2.0,4.0,DDR4,3200 MHz,1,Có,Anti-glare LED-backlit,1920 x 1080 Pixels,IPS,60,45% NTSC,LED,2,Chiclet Keyboard,Có,,Lithium-ion,65 W,windows,9990000
lenovo,14.0,Core i3,8,512,Intel UHD Graphics,1.63,4800000,24,2.597,1160000,51,61,5,359.2 x 236.5 x 19.9 mm,Xanh,Intel,1215U,1.2,6.0,8.0,DDR4,3200 MHz,1,Có,LED Backlit,1920 x 1080 Pixels,TN,60,45% NTSC,LED,2,"6-row, multimedia Fn keys",Không,Không,Lithium polymer,65 W,windows,9990000
lenovo,15.6,Ryzen 5,8,512,AMD Radeon Graphics,1.58,3500000,24,2.622,967000000,0,0,0,360.2 x 236 x 17.9 mm,Xám,AMD,7520U,2.8,4.0,8.0,LPDDR5,5500 MHz,Không,Có,FHD,1920 x 1080 Pixels,TN,60,,LED,,English International Non-backlit Keyboard,Có,Không,,65 W,windows,9990000
asus,15.6,Core i3,8,512,Intel UHD Graphics,1.8,1500000,24,2.28,1457000,46,55,4,360 x 235 x 19.9 mm,Bạc,Intel,1115G4,,,,DDR4,,1,Có,Anti -glare LED-Backlit Display,FHD (1920 x 1080),TN,,,,,Chiclet Keyboard,Có,Không,Lithium-ion,,windows,9790000
msi,14.0,Core i3,8,512,Intel UHD Graphics,1.4,2500000,24,2.457,1444000,30,50,5,319.9 * 223 * 19.35 mm,Đen,Intel,1115G4,17.0,2.0,4.0,DDR4,3200 MHz,0,1,IPS,1920 x 1080 Pixels,IPS,60,,LED,2,Backlit Chiclet Keyboard,Không,LED,Lithium polymer,65 W,windows,9490000
hp,14.0,Core i3,8,256,Intel UHD Graphics,1.35,3200000,12,2.397,927000000,14,32,4,32.4 x 22.5 x 1.79 cm,Bạc,Intel,1115G4,3.0,,,,,2,0,LED Backlit,1920 x 1080 Pixels,SVA,Hãng không công bố,,,,English International Non-backlit Keyboard,Không,Không,,,windows,9190000
acer,15.6,Core i3,8,256,Intel UHD Graphics,1.7,4300000,12,2.15,975000000,28,61,5,362.9 (W) x 241.26 (D) x 19.9 (H) mm,Bạc,Intel,1215U,4.4,6.0,8.0,DDR4,3200 MHz,2,0,Acer ComfyView LED-backlit,1920 x 1080 Pixels,VA,60,,LED,,"6-row, multimedia Fn keys",Có,Không,,,windows,8690000
masstel,14.0,Celeron,4,128,Intel UHD Graphics,1.39,500000,18,1.325,613000000,0,247,0,329 x 220 x 18.7 mm,Xám,Intel,N4120,1.1,4.0,4.0,DDR4,2400 MHz,Không,Có,IPS LCD,1366 x 768 Pixels,IPS,60,,LED,,Chiclet Keyboard,Không,Không,Lithium-ion,,windows,3990000
macbook,16.2,M3 Max,48,1,,2.16,0,12,0.0,7320000,0,0,5,"1,68 x 35,57 x 24,81 cm",Đen,Apple,16-core,2.3,,,Hãng không công bố,,0,1,Liquid Retina XDR,3456 x 2234 Pixels,IPS,120,,,,English International Backlit Keyboard,Không,Trắng,Lithium polymer,140 W,macos,102490000
macbook,16.2,M3 Max,36,1,,2.16,0,12,0.0,10334000,0,0,5,"1,68 x 35,57 x 24,81 cm",Đen,Apple,14-core,2.3,,,Hãng không công bố,,0,1,Liquid Retina XDR,3456 x 2234 Pixels,IPS,120,,,,English International Backlit Keyboard,Không,Trắng,Lithium polymer,140 W,macos,89990000
macbook,14.2,M3 Max,36,1,,1.62,0,12,0.0,10716000,0,0,5,"1,55 x 31,26 x 22,12 cm",Đen,Apple,14-core,2.3,,,Hãng không công bố,,0,1,Liquid Retina XDR,3024 x 1964 Pixels,IPS,120,,,,English International Backlit Keyboard,Không,Trắng,Lithium polymer,96 W,macos,79990000
macbook,16.2,M3 Pro,36,512,,2.14,0,12,18.747,10047000,0,0,5,"1,68 x 35,57 x 24,81 cm",Đen,Apple,12-Core,2.3,,,Hãng không công bố,,0,1,Liquid Retina XDR,3456 x 2234 Pixels,IPS,120,,,,English International Backlit Keyboard,Không,Trắng,Lithium polymer,140 W,macos,74990000
macbook,16.2,M3 Pro,18,512,,2.14,0,12,0.0,8708000,0,0,0,"1,68 x 35,57 x 24,81 cm",Đen,Apple,12-Core,2.3,,,Hãng không công bố,,0,1,Liquid Retina XDR,3456 x 2234 Pixels,IPS,120,,,,English International Backlit Keyboard,Không,Trắng,Lithium polymer,140 W,macos,64990000
msi,16.0,Core i7,32,2,NVIDIA GeForce RTX 4060 8GB GDDR6,2.35,5000000,24,15.997,5558000,0,0,5,359 x 256 x 18.4 mm,Xám,Intel,13700HX,2.1,16.0,24.0,DDR5,5600 MHz,2,0,IPS,2560 x 1600 Pixels,IPS,120,,,4,Backlit Chiclet Keyboard,Có,LED,,280 W,windows,63990000
macbook,14.2,M3 Pro,18,1,,1.61,0,12,0.0,8039000,0,0,5,"1,55 x 31,26 x 22,12 cm",Đen,Apple,12-Core,2.3,,,Hãng không công bố,,0,1,Liquid Retina XDR,3024 x 1964 Pixels,IPS,120,,,,English International Backlit Keyboard,Không,Trắng,Lithium polymer,96 W,macos,59990000
lenovo,14.0,Core i7,16,512,,1.12,0,36,14.997,8039000,0,0,0,315.6 x 222.5 x 15.36 mm,Đen,Intel,1365U,1.3,,,LPDDR5,,0,1,Anti - Glare,1920 x 1200 Pixels,IPS,0,100% sRGB,,2,English International Backlit Keyboard,Không,LED,,65 W,windows,59990000
microsoft,13.0,Core i7,16,512,Intel Iris Xe Graphics,0.879,1000000,1,0.0,0,0,0,0,287 mm,Bạc,Intel,1255U,3.5,10.0,12.0,DDR5,4800 MHz,0,1,IPS,2880 x 1920 Pixels,IPS,120,,LED,,Gắn rời,Không,Không,,,windows,50990000
macbook,14.2,M3 Pro,18,512,,1.61,0,12,0.0,6701000,0,0,5,"1,55 x 31,26 x 22,12 cm",Đen,Apple,11-core,2.3,,,Hãng không công bố,,0,1,Liquid Retina XDR,3024 x 1964 Pixels,IPS,120,,,,English International Backlit Keyboard,Không,Trắng,Lithium polymer,70 W,macos,49990000
lenovo,14.0,Core i7,16,512,,1.12,5000000,36,11.747,6300000,0,0,5,315 x 222 x 15.3 mm,Đen,Intel,1355U,1.7,,,DDR5,,0,1,IPS,1920 x 1200 Pixels,IPS,0,,,,"6-row, multimedia Fn keys, numeric keypad",Có,LED,,,windows,41990000
macbook,14.2,M3,8,512,,1.55,0,12,0.0,5363000,0,1,5,"1,55 x 31,26 x 22,12 cm",Xám,Apple,8 - Core,2.3,,,Hãng không công bố,,0,1,Liquid Retina XDR,3024 x 1964 Pixels,IPS,120,,,,English International Backlit Keyboard,Không,Trắng,Lithium polymer,70 W,macos,39990000
asus,15.6,Core i9,16,512,NVIDIA GeForce RTX 4060 8GB GDDR6,2.2,2000000,24,10.247,3307000,0,0,5,35.4 x 25.1 x 2.24 cm,Xám,Intel,13900H,2.6,14.0,,DDR4,3200 MHz,2,0,Anti - Glare,1920 x 1080 Pixels,IPS,144,100% sRGB,Màn hình phẳng,2,Backlit Chiclet Keyboard,Có (NumberPad),LED,Lithium-ion 4 viên,240 W,windows,38990000
lenovo,16.0,Ryzen 7,16,512,NVIDIA GeForce RTX 4060 8GB GDDR6,2.4,1900000,36,0.0,3133000,0,0,5,359.7 x 260.3 x 19.9-25.2 mm,Xám,AMD,7840HS,3.8,8.0,16.0,DDR5,5600 MHz,2,0,Anti - Glare,2560 x 1600 Pixels,IPS,165,,,2,English International Backlit Keyboard,Có,Không,,230 W,windows,37090000
lenovo,16.0,Core i7,16,512,NVIDIA GeForce RTX 4050 6GB GDDR6,2.4,1900000,36,0.0,3053000,0,0,5,359.7 x 260.3 x 19.9-25.2 mm,Xám,Intel,13700H,2.4,14.0,20.0,DDR5,5200 MHz,2,0,Anti - Glare,2560 x 1600 Pixels,IPS,165,,,2,English International Backlit Keyboard,Có,Không,,170 W,windows,36090000
acer,17.3,Core i5,8,512,NVIDIA GeForce RTX 4050 6GB GDDR6,3.0,0,12,0.0,2853000,0,0,5,400.2 (W) x 293.25 (D) x 27.9/28.9 (H) mm,Đen,Intel,13500H,3.5,,16.0,DDR5,4800 MHz,2,1,Acer ComfyView LED-backlit Chính:,FHD (1920 x 1080) Màn hình chính:,IPS,165  Màn hình chính:,100% sRGB,,,Bàn phím cứng,Có (NumberPad),LED,Lithium-ion,,windows,35490000
lenovo,13.3,Core i7,16,512,,1.26,0,36,8.247,4426000,0,0,0,305 x 218 x 17.3 mm,Đen,Intel,1255U,1.7,,,DDR4,,0,1,IPS,1920 x 1200 Pixels,IPS,0,,,,English International Backlit Keyboard,Không,LED,,,không,32990000
dell,14.0,Core i7,16,512,,1.94,0,12,7.747,4159000,0,0,5,356.78 x 251.70 x 15.42~18.20 mm,Bạc,Intel,1360P,1.6,12.0,16.0,LPDDR5,4800 MHz,0,16,Wide-Viewing Angle (WVA),1920 x 1200 Pixels,WVA,60,100% sRGB,,,Backlit Chiclet Keyboard,Không,Trắng,,,windows,30990000
lenovo,14.0,Ryzen 7,16,2,,1.34,0,36,7.497,4025000,0,0,5,317.7 x 226.9 x 17.9 mm,Đen,AMD,Đang cập nhật,2.7,,,LPDDR5,,0,1,Led,1920 x 1200 Pixels,IPS,4.7,,,,English International Backlit Keyboard,Không,LED,,,không,29990000
lenovo,15.6,Core i5,8,512,NVIDIA GeForce RTX 4050 6GB GDDR6,2.4,1000000,24,7.497,2493000,0,3,5,359.6 x 264.8 x 22.1-25.2 mm,Xám,Intel,13400,2.1,8.0,12.0,DDR5,5200 MHz,2,0,IPS FHD,1920 x 1080 Pixels,IPS,144,45% NTSC,,,"6-row, multimedia Fn keys, numeric keypad",Có,Không,,70 W,windows,29990000
asus,15.6,Ryzen 5,8,512,NVIDIA GeForce RTX 4050 6GB GDDR6,2.2,0,24,7.122,2302000,0,0,5,35.97 x 23.25 x 1.79 ~ 1.79 cm,Xám,AMD,7535HS,4.5,,,DDR5,,2,0,FHD,FHD (1920 x 1080),IPS,144,100% sRGB,Màn hình phẳng,,Backlit Chiclet Keyboard,Có,LED,,240 W,không,28490000
lenovo,14.0,Core i7,8,512,,1.64,0,24,6.997,0,0,0,5,324 x 220 x 17.9 mm,Đen,Intel,1260P,2.1,,,DDR4,,1,1,IPS,"1920 x 1080 Pixelss , 60Hz",IPS,0,,,,"6-row, multimedia Fn keys, numeric keypad",Có,LED,,,không,27990000
lenovo,14.0,Core i7,16,512,Intel Iris Xe Graphics,1.5,0,24,0.0,0,0,0,0,320 x 216 x 16.9 mm,Xám,Intel,1165G7,2.8,4.0,8.0,DDR4,3200 MHz,1,1,IPS,1920 x 1080 Pixels,IPS,,100% sRGB,LED,,"6-row, multimedia Fn keys",Không,LED,,,windows,27890000
lenovo,1.4,Ryzen 5,16,512,AMD Radeon Graphics,1.4,0,24,5.372,0,0,2,5,"312 x 216 x 14,7 mm",Xám,AMD,6600H,3.3,6.0,12.0,DDR5,6400 MHz,1,1,IPS,1080 x 2240 Pixels,IPS,60 Hz,100% sRGB,LED,2,Backlit Chiclet Keyboard,Không,Không,Lithium polymer,100 W,windows,26890000
dell,16.0,Core i5,16,512,,1.9,0,12,6.422,3450000,0,0,5,356 x 251.90 x 15.67~17.95 mm,Xám,Intel,1335U,0.9,10.0,12.0,LPDDR5,4800 MHz,0,16,Wide-Viewing Angle (WVA),1920 x 1200 Pixels,WVA,60,45% NTSC,,,Backlit Chiclet Keyboard,Có,Trắng,,,windows,25690000
hp,14.0,Core i7,16,512,Intel UHD Graphics,1.42,500000,12,6.522,0,0,0,5,32.19 x 21.39 x 1.99 cm,Bạc,Intel,1355U,1.7,,,,,2,0,Anti-Glare,1920 x 1080 Pixels,IPS,60,,,,Chiclet Keyboard,Không,Không,,,windows,25590000
asus,15.6,Core i9,16,512,,1.7,1500000,24,6.247,2021000,0,0,5,35.68 x 22.76 x 1.99 mm,Bạc,Intel,13900H,2.6,,,DDR4,,1,1,OLED,1920 x 1080 Pixels,OLED,60,,,,Backlit Chiclet Keyboard,Có,LED,,,windows,23490000
dell,15.6,Core i7,8,512,Intel Iris Xe Graphics,1.66,0,12,5.247,2221000,0,7,5,358x235x19 mm,Đen,Intel,1355U,1.7,10.0,12.0,,,2,0,WVA Anti-glare LED Backlit Narrow Border,1920 x 1080 Pixels,WVA,120,,,,English International Non-backlit Keyboard,Có (NumberPad),LED,,,windows,21990000
lenovo,15.6,Ryzen 5,8,512,AMD Radeon Graphics,1.78,0,24,4.247,0,0,5,5,365 x 240 x 18.9 mm,Đen,AMD,5625U,2.3,6.0,12.0,DDR4,3200 MHz,1,1,FHD,1920 x 1080 Pixels,IPS,60 Hz,45% NTSC,Màn hình phẳng,,English International Backlit Keyboard,Có (NumberPad),LED,,65 W,windows,21290000
asus,15.6,Core i5,8,512,Intel UHD Graphics,1.8,0,24,4.747,0,0,0,0,359.0 x 235.0 x 17.9 mm,Đen,Intel,1135G7,2.4,4.0,8.0,DDR4,3200 MHz,1,1,Anti-glare LED-backlit,1920 x 1080 Pixels,IPS,60 Hz,100% DCI-P3,LED,,Backlit Chiclet Keyboard,Không,Không,Lithium-ion,65 W,windows,19990000
lenovo,14.0,Ryzen 7,8,512,AMD Radeon Graphics,1.17,0,36,4.497,2687000,0,0,5,324.1 x 215.7 x 17.1 mm,Xám,AMD,7730U,2.0,8.0,16.0,DDR4,3200 MHz,0,1,IPS,1920 x 1080 Pixels,IPS,Hãng không công bố,100% sRGB,LED,2,"6-row, multimedia Fn keys, numeric keypad",Có,LED,Lithium polymer 3 viên,65 W,windows,19990000
msi,15.6,Core i5,16,512,NVIDA Geforce RTX 2050 4GB,1.98,600000,24,4.997,1619000,0,0,5,359.36 x 359.36 x 21.95~22.9 mm,Đen,Intel,12450H,2.0,8.0,12.0,DDR5,,2,0,IPS,FHD (1920 x 1080),IPS,144,45% NTSC,,,Backlit Chiclet Keyboard,Có,LED,,,windows,19390000
msi,14.0,Core i7,16,512,Intel UHD Graphics,1.4,3000000,24,4.872,1739000,0,1,5,319.9 * 223 * 19.35 mm,Đen,Intel,1355U,,10.0,12.0,DDR4,3200 MHz,Không,Có,FHD,1920 x 1080 Pixels,IPS,60,45% NTSC,LED,2,Backlit Chiclet Keyboard,Không,LED,Lithium polymer,65 W,windows,18490000
lenovo,16.0,Core i5,16,1,Intel UHD Graphics,1.89,0,36,0.0,2352000,0,1,5,356 x 251 x 17.9 mm,Xám,Intel,12450H,2.0,8.0,12.0,DDR5,4800 MHz,0,2,Anti-Glare,1920 x 1200 Pixels,IPS,144,45% NTSC,LED,2,Backlit Chiclet Keyboard,Có,LED,,65 W,windows,17490000
msi,15.6,Core i7,16,512,Intel Iris Xe Graphics,1.7,2500000,24,0.0,1532000,0,0,0,359 * 241 * 19.9* mm,Đen,Intel,1255U,1.7,10.0,12.0,DDR4,3200 MHz,0,1,IPS,1920 x 1080 Pixels,IPS,60,45% NTSC,LED,2,Chiclet Keyboard,Không,LED,Lithium polymer,65 W,windows,16990000
msi,14.0,Core i5,16,512,Intel Iris Xe Graphics,1.4,2200000,24,4.322,1466000,0,0,5,319.9 x 223 x 19.35 mm,Hồng,Intel,1335U,1.3,10.0,12.0,DDR4,3200 MHz,0,1,IPS,1920 x 1080 Pixels,IPS,60,,,2,"6-row, multimedia Fn keys",Không,LED,Lithium polymer,65 W,windows,16290000
msi,14.0,Core i5,8,512,Intel Iris Xe Graphics,1.4,2200000,24,4.247,1426000,0,0,5,319.9 x 223 x 19.35 mm,Hồng,Intel,1335U,1.3,10.0,12.0,DDR4,3200 MHz,0,1,IPS,1920 x 1080 Pixels,IPS,60,,,2,"6-row, multimedia Fn keys",Không,Không,Lithium polymer,65 W,windows,15790000
msi,14.0,Core i5,8,512,Intel Iris Xe Graphics,1.4,2200000,24,3.822,1426000,0,0,5,319.9 x 223 x 19.35 mm,Bạc,Intel,1335U,1.3,10.0,12.0,DDR4,3200 MHz,0,1,IPS,1920 x 1080 Pixels,IPS,60,,,2,"6-row, multimedia Fn keys",Không,LED,Lithium polymer,65 W,windows,15790000
asus,14.0,Core i3,8,512,Intel UHD Graphics,1.4,600000,24,0.0,1618000,0,0,0,32.49 x 21.39 x 1.79 ~ 1.79 cm,Xanh,Intel,1215U,1.2,,,DDR4,,0,1,FHD,FHD (1920 x 1080),IPS,60,45% NTSC,Màn hình phẳng,,Chiclet Keyboard,Không,Không,,45 W,windows,11390000
